<?xml version="1.0" encoding="UTF-8" standalone="yes"?>
<addon id="service.subtitles.subcenterorg" name="סאבסנטר" version="0.71" provider-name="kodil">
    <requires>
        <import addon="xbmc.python" version="2.14.0"/>
        <import addon="script.common.plugin.cache" version="0.9.1"/>
    </requires>
    <extension point="xbmc.subtitle.module" library="subcenter.py"/>
    <extension point="xbmc.addon.metadata">
        <summary lang="en">subcenter by kodil</summary>
        <description lang="en">Search and Download subtitles from subcenter. Contributors: kodil
        </description>
        <source>https://github.com/kodil/service.subtitles.subcenterorg</source>
        <language>en</language>
        <email> </email>
        <forum> </forum>
        <website>www.subscenter.org</website>
        <license>GNU GENERAL PUBLIC LICENSE. Version 2, June 1991</license>
    </extension>
</addon>
