<?xml version="1.0" encoding="UTF-8"?>
<addon id="skin.phenomenal" name="Phenomenal" version="3.1.0" provider-name="tomer953">
	<requires>
		<import addon="xbmc.gui" version="5.10.0"/>
		<import addon="script.skin.helper.service" version="1.0.0"/>
		<import addon="script.skinshortcuts" version="0.6.6"/>
		<import addon="script.artwork.downloader" version="12.0.20"/>
		<import addon="plugin.program.autocompletion" version="1.0.0"/>
		<import addon="script.image.resource.select" version="0.1.0"/>
		<import addon="resource.images.weatherfanart.single" version="0.0.6"/>
		<import addon="resource.images.moviegenreicons.arctic.zephyr" version="0.0.1"/>
	</requires>
	<extension point="xbmc.gui.skin" defaultthemename="Textures.xbt" effectslowdown="1" debugging="false">
		<res width="1920" height="1080" aspect="16:9" default="true" folder="1080p"/>
	</extension>
	<extension point="xbmc.addon.metadata">
		<summary lang="en">Phenomenal - Perfection Made Simple</summary>
		<summary lang="he">פנומנל - פשוט להגיע לשלמות</summary>
		<description lang="en">Elegance, simplicity and professionalism are the skins guidelines. With Phenomenal you can enjoy all of kodi's newest and sophisticated features while still maintaining a clean and beautiful design</description>
		<description lang="he">Phenomenal - אלגנטיות, פשטות ומקצועיות הם הקווים המנחים של הסקין, עם פנומנל תוכלו להינות משלל האפשרויות המתקדמות שקודי מציעה תוך שמירה על סקין נקי ויפיפה</description>
		<platform>all</platform>
		<license>Creative Commons Attribution-NonCommercial-ShareAlike 3.0 Unported License</license>
		<forum>http://forum.kodi.tv/forumdisplay.php?fid=255</forum>
		<website>http://phenomenal-skin.com</website>
		<email></email>
		<source>https://github.com/tomer953/skin.phenomenal</source>
	</extension>
</addon>

