<?xml version="1.0" encoding="UTF-8" standalone="yes"?>
<addon id="metadata.torec.net" name="טורק" version="1.0.2" provider-name="Shai Bentin">
	<requires>
		<import addon="xbmc.metadata" version="1.0" />
		<import addon="metadata.common.themoviedb.org" version="1.0.7" />
	</requires>
	<extension point="xbmc.metadata.scraper.movies" language="he" library="torec.xml" />
	<extension point="xbmc.addon.metadata">
		<summary lang="en">Torec Movie Scraper</summary>
		<summary lang="he">סקרייפר סרטים מאתר טורק</summary>
		<description lang="he">www.torec.net הורדת מידע סרטים מאתר</description>
		<description lang="en">Download Movie information from www.torec.net</description>
	</extension>
</addon>
