<?xml version="1.0" encoding="UTF-8" standalone="yes"?>
<addon id="program.SimpleWizard" name="Simple Wizard" version="1.0.1" provider-name="Lidor Malich">
  <requires>
    <import addon="xbmc.python" version="2.1.0"/>
  </requires>
  <extension point="xbmc.python.pluginsource" library="default.py">
        <provides>executable</provides>
  </extension>
  <extension point="xbmc.addon.metadata">
    <summary lang="he">Simple Wizard-וויזארד פשוט</summary>
    <description lang="he">Simple Wizard-וויזארד פשוט לכל מערכות ההפעלה [CR]הוויזארד נבנה במטרה להקל על כולם וללא עיצובים  [B]וויזארד פשוט וקל[/B][CR]התקנה מהנה ובהצלחה</description>
    <platform>all</platform>
  </extension>
</addon>
