<?xml version="1.0" encoding="UTF-8" standalone="yes"?>
<addon id="service.subtitles.torec"
       name="Torec"
       version="1.0.8"
       provider-name="slmosl">
  <requires>
    <import addon="xbmc.python" version="2.1.0"/>
    <import addon="script.common.plugin.cache" version="0.9.1"/>
    <import addon="script.module.beautifulsoup4" version="4.3.2"/>
  </requires>
  <extension point="xbmc.subtitle.module"
             library="service.py" />
  <extension point="xbmc.addon.metadata">
    <summary lang="en">Kodi/XBMC Torec Subtitles allows for downloading hebrew subtitles from the Israeli site Torec.net</summary>
    <description lang="en">Search and download various hebrew subtitles from the Israeli subtitles site Torec.net.</description>
    <source>https://github.com/slmosl/service.subtitles.Torec</source>
    <email></email>
    <license>GNU GENERAL PUBLIC LICENSE. Version 2, June 1991</license>
  </extension>
</addon>
