<?xml version="1.0" encoding="UTF-8"?>
<window>
	<defaultcontrol always="true">7</defaultcontrol>
	<controls>
		<include>fade_screen_grey</include> 
		<control type="group">
			<posx>360</posx>
			<posy>80</posy>
			<include>dialog_zoom_animation</include>
			<visible>!Window.IsVisible(addonsettings)</visible>
			<include name="big_dialog">	
				<param name="bottom_posy" value="2000" />
			</include>
			<control type="label">
				<description>heading label</description>
				<posx>0</posx>
				<posy>20</posy>
				<width>1200</width>
				<height>45</height>
				<align>center</align>
				<aligny>center</aligny>
				<font>font-30</font>
				<label>$LOCALIZE[19047]</label>
				<textcolor>white</textcolor>
			</control>
			<!-- Info line -->
			<control type="label">
				<left>22</left>
				<top>90</top>
				<width>1130</width>
				<height>52</height>
				<font>font-20</font>
				<align>center</align>
				<aligny>center</aligny>
				<scroll>false</scroll>
				<textcolor>grey_b</textcolor>
				<label>[B]$INFO[Listitem.Title][/B]</label>
			</control>

			<!-- side bar -->
			<control type="image">
				<description>background image</description>
				<posx>0</posx>
				<posy>140</posy>
				<width>300</width>
				<height>820</height>
				<animation effect="slide" end="900" time="0" condition="StringCompare(System.Language,Hebrew) | Skin.HasSetting(Prefer_RTL)">Conditional</animation>
				<texture background="true" flipy="true">dialogs/long_grey.png</texture>
			</control>
			<control type="image">
				<left>300</left>
				<top>140</top>
				<width>30</width>
				<height>820</height>
				<texture>shadow_vertical.png</texture>
				<visible>!StringCompare(System.Language,Hebrew) + !Skin.HasSetting(Prefer_RTL)</visible>
			</control>
			<control type="image">
				<left>870</left>
				<top>140</top>
				<width>30</width>
				<height>820</height>
				<texture flipx="true">shadow_vertical.png</texture>
				<visible>StringCompare(System.Language,Hebrew) | Skin.HasSetting(Prefer_RTL)</visible>
			</control>

			<control type="image">
				<posx>20</posx>
				<posy>155</posy>
				<width>260</width>
				<height>260</height>
				<texture background="true">$INFO[Listitem.Icon]</texture>
				<bordertexture colordiffuse="grey_b">white.png</bordertexture>
				<bordersize>2</bordersize>
				<fadetime>300</fadetime>
				<animation effect="slide" end="900" time="0" condition="StringCompare(System.Language,Hebrew) | Skin.HasSetting(Prefer_RTL)">Conditional</animation>
				<visible>!stringcompare(ListItem.Label,..)</visible>
			</control>


			<control type="grouplist" id="9000">		
				<posx>20</posx>
				<posy>440</posy>
				<align>left</align>
				<width>260</width>
				<height>320</height>
				<itemgap>0</itemgap>
				<animation effect="slide" end="900" time="0" condition="StringCompare(System.Language,Hebrew) | Skin.HasSetting(Prefer_RTL)">Conditional</animation>
				<orientation>vertical</orientation>
				<onup>9000</onup>
				<ondown>9000</ondown>
				<onleft>61</onleft>
				<onright>61</onright>
				<control type="button" id="7">
					<description>OK</description>
					<width>260</width>
					<height>45</height>
					<label>186</label>
				</control>
				<control type="button" id="6">
					<description>Record</description>
					<width>260</width>
					<height>45</height>
					<label>-</label>
				</control>
				<control type="button" id="5">
					<description>Switch button</description>
					<width>260</width>
					<height>45</height>
					<label>19165</label>
				</control>
			</control>

			<control type="grouplist" id="49">
				<posx>340</posx>
				<posy>155</posy>
				<usecontrolcoords>true</usecontrolcoords>
				<width>800</width>
				<height>350</height>
				<itemgap>35</itemgap>
				<animation effect="slide" end="-300" time="0" condition="StringCompare(System.Language,Hebrew) | Skin.HasSetting(Prefer_RTL)">Conditional</animation>
				<orientation>vertical</orientation>
				<control type="group">
					<visible>!IsEmpty(ListItem.ChannelNumberLabel)</visible>
					<include name="dialogvideoinfo_label" condition="StringCompare(System.Language,Hebrew) | Skin.HasSetting(Prefer_RTL)">
						<param name="posx1" value="800" />
						<param name="width1" value="120" />
						<param name="label1" value="$LOCALIZE[19148]:" />
						<param name="posx2" value="680" />
						<param name="width2" value="680" />
						<param name="label2" value="$INFO[ListItem.ChannelNumberLabel]" />
					</include>
					<include name="dialogvideoinfo_label" condition="!StringCompare(System.Language,Hebrew) + !Skin.HasSetting(Prefer_RTL)">
						<param name="posx1" value="0" />
						<param name="width1" value="120" />
						<param name="label1" value="$LOCALIZE[19148]:" />
						<param name="posx2" value="150" />
						<param name="width2" value="650" />
						<param name="label2" value="$INFO[ListItem.ChannelNumberLabel]" />
					</include>
				</control>
				<control type="group">
					<visible>!IsEmpty(ListItem.Duration)</visible>
					<include name="dialogvideoinfo_label" condition="StringCompare(System.Language,Hebrew) | Skin.HasSetting(Prefer_RTL)">
						<param name="posx1" value="800" />
						<param name="width1" value="120" />
						<param name="label1" value="$LOCALIZE[180]:" />
						<param name="posx2" value="680" />
						<param name="width2" value="680" />
						<param name="label2" value="$INFO[ListItem.Duration]" />
					</include>
					<include name="dialogvideoinfo_label" condition="!StringCompare(System.Language,Hebrew) + !Skin.HasSetting(Prefer_RTL)">
						<param name="posx1" value="0" />
						<param name="width1" value="120" />
						<param name="label1" value="$LOCALIZE[180]:" />
						<param name="posx2" value="150" />
						<param name="width2" value="650" />
						<param name="label2" value="$INFO[ListItem.Duration]" />
					</include>
				</control>
				<control type="group">
					<visible>!IsEmpty(ListItem.StartDate)</visible>
					<include name="dialogvideoinfo_label" condition="StringCompare(System.Language,Hebrew) | Skin.HasSetting(Prefer_RTL)">
						<param name="posx1" value="800" />
						<param name="width1" value="120" />
						<param name="label1" value="$LOCALIZE[552]:" />
						<param name="posx2" value="680" />
						<param name="width2" value="680" />
						<param name="label2" value="$INFO[ListItem.StartDate]" />
					</include>
					<include name="dialogvideoinfo_label" condition="!StringCompare(System.Language,Hebrew) + !Skin.HasSetting(Prefer_RTL)">
						<param name="posx1" value="0" />
						<param name="width1" value="120" />
						<param name="label1" value="$LOCALIZE[552]:" />
						<param name="posx2" value="150" />
						<param name="width2" value="650" />
						<param name="label2" value="$INFO[ListItem.StartDate]" />
					</include>
				</control>
				<control type="group">
					<visible>!IsEmpty(ListItem.StartTime)</visible>
					<include name="dialogvideoinfo_label" condition="StringCompare(System.Language,Hebrew) | Skin.HasSetting(Prefer_RTL)">
						<param name="posx1" value="800" />
						<param name="width1" value="120" />
						<param name="label1" value="$LOCALIZE[142]" />
						<param name="posx2" value="680" />
						<param name="width2" value="680" />
						<param name="label2" value="$INFO[ListItem.StartTime]" />
					</include>
					<include name="dialogvideoinfo_label" condition="!StringCompare(System.Language,Hebrew) + !Skin.HasSetting(Prefer_RTL)">
						<param name="posx1" value="0" />
						<param name="width1" value="120" />
						<param name="label1" value="$LOCALIZE[142]" />
						<param name="posx2" value="150" />
						<param name="width2" value="650" />
						<param name="label2" value="$INFO[ListItem.StartTime]" />
					</include>
				</control>
				<control type="group">
					<visible>!IsEmpty(ListItem.Genre)</visible>
					<include name="dialogvideoinfo_label" condition="StringCompare(System.Language,Hebrew) | Skin.HasSetting(Prefer_RTL)">
						<param name="posx1" value="800" />
						<param name="width1" value="120" />
						<param name="label1" value="$LOCALIZE[135]:" />
						<param name="posx2" value="680" />
						<param name="width2" value="680" />
						<param name="label2" value="$INFO[ListItem.Genre]" />
					</include>
					<include name="dialogvideoinfo_label" condition="!StringCompare(System.Language,Hebrew) + !Skin.HasSetting(Prefer_RTL)">
						<param name="posx1" value="0" />
						<param name="width1" value="120" />
						<param name="label1" value="$LOCALIZE[135]:" />
						<param name="posx2" value="150" />
						<param name="width2" value="650" />
						<param name="label2" value="$INFO[ListItem.Genre]" />
					</include>
				</control>
				<control type="group">
					<visible>!IsEmpty(ListItem.PlotOutline)</visible>
					<include name="dialogvideoinfo_label" condition="StringCompare(System.Language,Hebrew) | Skin.HasSetting(Prefer_RTL)">
						<param name="posx1" value="800" />
						<param name="width1" value="120" />
						<param name="label1" value="$LOCALIZE[203]:" />
						<param name="posx2" value="680" />
						<param name="width2" value="680" />
						<param name="label2" value="$INFO[ListItem.PlotOutline]" />
					</include>
					<include name="dialogvideoinfo_label" condition="!StringCompare(System.Language,Hebrew) + !Skin.HasSetting(Prefer_RTL)">
						<param name="posx1" value="0" />
						<param name="width1" value="120" />
						<param name="label1" value="$LOCALIZE[203]:" />
						<param name="posx2" value="150" />
						<param name="width2" value="650" />
						<param name="label2" value="$INFO[ListItem.PlotOutline]" />
					</include>
				</control>
			</control>


			<!-- seperator -->
			<control type="image">
				<left>340</left>
				<top>420</top>
				<width>800</width>
				<height>1</height>
				<texture colordiffuse="$VAR[main_color]">white.png</texture>
				<animation effect="slide" end="-300" time="0" condition="StringCompare(System.Language,Hebrew) | Skin.HasSetting(Prefer_RTL)">Conditional</animation>
			</control>
			<control type="textbox">
				<posx>340</posx>
				<posy>440</posy>
				<width>800</width>
				<height>500</height>
				<font>font-22</font>
				<include>align_tag</include>
				<textcolor>grey_b</textcolor>
				<label>$INFO[ListItem.Plot]</label>
				<pagecontrol>61</pagecontrol>
				<animation effect="slide" end="-300" time="0" condition="StringCompare(System.Language,Hebrew) | Skin.HasSetting(Prefer_RTL)">Conditional</animation>
				<autoscroll time="3000" delay="45000" repeat="15000">!Control.HasFocus(61) + Skin.HasSetting(AutoScroll)</autoscroll>
			</control>
			<control type="scrollbar" id="61">
				<description>scroll for plot button</description>
				<posx>310</posx>
				<posy>440</posy>
				<width>10</width>
				<height>503</height>
				<include>scroll_bar</include>
				<onleft>9000</onleft>
				<onright>9000</onright>
				<ondown>61</ondown>
				<onup>61</onup>
				<animation effect="slide" end="-300" time="0" condition="StringCompare(System.Language,Hebrew) | Skin.HasSetting(Prefer_RTL)">Conditional</animation>
				<showonepage>false</showonepage>
			</control>
		</control>
	</controls>
</window>
