<?xml version="1.0" encoding="UTF-8"?>
<window>
	<defaultcontrol always="true">9000</defaultcontrol>

	<onload condition="Container.Content(artists)">RunScript(script.extendedinfo,info=artistdetails,artistname='$ESCINFO[ListItem.Artist]',silent=False)</onload>
	<controls>
		<control type="image">
			<posx>0</posx>
			<posy>0</posy>
			<width>1920</width>
			<height>1080</height>
			<texture background="true">$INFO[ListItem.Art(fanart)]</texture>
		</control>
		<include>fade_screen_grey</include>
		<control type="group">
			<posx>160</posx>
			<posy>80</posy>
			<include>dialog_zoom_animation</include>
			<include name="big_dialog">
				<param name="width" value="1600" />
				<param name="bottom_posy" value="2000" />
			</include>
			<control type="label">
				<description>heading label</description>
				<posx>0</posx>
				<posy>20</posy>
				<width>1600</width>
				<height>45</height>
				<align>center</align>
				<aligny>center</aligny>
				<font>font-30</font>
				<label>$VAR[DialogAlbumInfoTitle]</label>
				<textcolor>white</textcolor>
			</control>
			<!-- side bar -->
			<control type="image">
				<description>background image</description>
				<posx>0</posx>
				<posy>140</posy>
				<width>400</width>
				<height>820</height>
				<animation effect="slide" end="1200" time="0" condition="StringCompare(System.Language,Hebrew) | Skin.HasSetting(Prefer_RTL)">Conditional</animation>
				<texture background="true" flipy="true">dialogs/long_grey.png</texture>
			</control>
			<control type="image">
				<left>400</left>
				<top>140</top>
				<width>30</width>
				<height>820</height>
				<texture>shadow_vertical.png</texture>
				<visible>!StringCompare(System.Language,Hebrew) + !Skin.HasSetting(Prefer_RTL)</visible>
			</control>
			<control type="image">
				<left>1170</left>
				<top>140</top>
				<width>30</width>
				<height>820</height>
				<texture flipx="true">shadow_vertical.png</texture>
				<visible>StringCompare(System.Language,Hebrew) | Skin.HasSetting(Prefer_RTL)</visible>
			</control>

			<!-- icon cdart and logo -->
			<control type="group">
				<animation effect="slide" end="1200" time="0" condition="StringCompare(System.Language,Hebrew) | Skin.HasSetting(Prefer_RTL)">Conditional</animation>
				<control type="image">
					<posx>20</posx>
					<posy>250</posy>
					<width>360</width>
					<height>360</height>
					<aspectratio aligny="top">keep</aspectratio>
					<texture background="true" fallback="special://skin/extras/cdart/default.png">$INFO[ListItem.FileNameAndPath,,/cdart.png]</texture>
					<visible>Container.Content(albums)</visible>
				</control>
				<control type="image">
					<posx>15</posx>
					<posy>120</posy>
					<width>370</width>
					<height>155</height>
					<aspectratio>keep</aspectratio>
					<texture background="true" fallback="">$INFO[Skin.String(music_path)]$INFO[ListItem.Artist,,/logo.png]</texture>
					<visible>Container.Content(albums)</visible>
				</control>
				<control type="image">
					<posx>15</posx>
					<posy>120</posy>
					<width>370</width>
					<height>155</height>
					<aspectratio>keep</aspectratio>
					<texture background="true">$INFO[ListItem.Path]$INFO[ListItem.Artist,,/logo.png]</texture>
					<visible>Container.Content(artists)</visible>
				</control>
				<control type="image">
					<posx>15</posx>
					<posy>490</posy>
					<width>370</width>
					<height>370</height>
					<aspectratio>keep</aspectratio>
					<texture background="true">$INFO[ListItem.Icon]</texture>
				</control>
			</control>
			<!-- in Artist $INFO[ListItem.Path]$INFO[ListItem.Artist,,/logo.png] - -->
			<!-- in Albums $INFO[ListItem.FileNameAndPath,,/cdart.png] -->

			<control type="group">
				<!-- Controls -->
				<control type="grouplist" id="9000">		
					<posx>10</posx>
					<posy>90</posy>
					<align>left</align>
					<width>1585</width>
					<height>300</height>
					<itemgap>0</itemgap>
					<orientation>Horizontal</orientation>
					<onup>9500</onup>
					<ondown>9500</ondown>
					<onleft>9000</onleft>
					<onright>9000</onright>
					<control type="button" id="6">
						<description>Refresh</description>
						<width>213</width>
						<height>52</height>
						<label>184</label>
						<include>button_dialogs</include>
					</control>
					<control type="button" id="7">
						<description>Biography</description>
						<width>213</width>
						<height>52</height>
						<label>21887</label>
						<include>button_dialogs</include>
						<onclick>61</onclick>
						<ondown>61</ondown>
						<visible>Container.Content(artists)</visible>
					</control>
					<control type="button" id="10">
						<description>Get Thumb</description>
						<width>213</width>
						<height>52</height>
						<label>13405</label>
						<include>button_dialogs</include>
					</control>
					<control type="button" id="12">
						<description>Get Fanart</description>
						<width>300</width>
						<height>52</height>
						<label>20413</label>
						<include>button_dialogs</include>
						<visible>Container.Content(artists)</visible>
					</control>
					<control type="button" id="16">
						<description>Search YouTube</description>
						<width>300</width>
						<height>52</height>
						<label>31037</label>
						<include>button_dialogs</include>
						<onclick>Dialog.Close(all,true)</onclick>
						<onclick condition="Container.Content(artists)">ActivateWindow(videos,plugin://plugin.video.youtube/kodion/search/query/?q=$INFO[ListItem.Artist],return)</onclick>
						<onclick condition="Container.Content(albums)">ActivateWindow(videos,plugin://plugin.video.youtube/kodion/search/query/?q=$INFO[ListItem.Artist] $INFO[ListItem.Album],return)</onclick>
					</control>
				</control>


				<control type="group">
					<animation effect="slide" end="-400" time="0" condition="StringCompare(System.Language,Hebrew) | Skin.HasSetting(Prefer_RTL)">Conditional</animation>
					<!-- Bio -->
					<control type="textbox" id="4">
						<description>Artist Description</description>
						<posx>435</posx>
						<posy>300</posy>
						<width>1150</width>
						<height>655</height>
						<font>font-22</font>
						<align>left</align>
						<textcolor>grey_b</textcolor>
						<pagecontrol>61</pagecontrol>
						<autoscroll time="3000" delay="45000" repeat="15000">!Control.HasFocus(61) + Skin.HasSetting(AutoScroll)</autoscroll>
						<visible>ControlGroup(9000).HasFocus(7)</visible>
						<visible>Container.Content(Artists)</visible>
					</control>

					<control type="scrollbar" id="61">
						<posx>415</posx>
						<posy>305</posy>
						<height>645</height>
						<width>10</width>
						<include>scroll_bar</include>
						<onleft>9000</onleft>
						<onright>9000</onright>
						<visible>ControlGroup(9000).HasFocus(7)</visible>
					</control>

					<!-- Thumb -->
					<control type="image">
						<description>Fanart</description>
						<posx>400</posx>
						<posy>300</posy>
						<width>1200</width>
						<height>580</height>
						<texture background="true">$INFO[ListItem.Icon]</texture>
						<aspectratio>keep</aspectratio>
						<visible>ControlGroup(9000).HasFocus(10)</visible>
						<visible>Container.Content(Artists) | Container.Content(Albums)</visible>
					</control>
					<!-- Fanart -->
					<control type="image">
						<description>Fanart</description>
						<posx>400</posx>
						<posy>300</posy>
						<width>1200</width>
						<height>580</height>
						<texture background="true">$INFO[ListItem.Art(fanart)]</texture>
						<aspectratio>keep</aspectratio>
						<visible>ControlGroup(9000).HasFocus(12)</visible>
						<visible>Container.Content(Artists)</visible>
					</control>
				</control>




				<!-- INFO on the top -->

				<control type="grouplist">
					<posx>420</posx>
					<animation effect="slide" end="-400" time="0" condition="StringCompare(System.Language,Hebrew) | Skin.HasSetting(Prefer_RTL)">Conditional</animation>
					<posy>140</posy>
					<usecontrolcoords>true</usecontrolcoords>
					<width>1160</width>
					<height>300</height>
					<itemgap>28</itemgap>
					<orientation>vertical</orientation>
					<control type="group">
						<visible>!IsEmpty(ListItem.Property(Artist_Genre))</visible>	
						<include name="dialogvideoinfo_label" condition="StringCompare(System.Language,Hebrew) | Skin.HasSetting(Prefer_RTL)">
							<param name="posx1" value="1160" />
							<param name="width1" value="120" />
							<param name="label1" value="$LOCALIZE[515]:" />
							<param name="posx2" value="1040" />
							<param name="width2" value="1040" />
							<param name="label2" value="$INFO[ListItem.Property(Artist_Genre)]" />
						</include>
						<include name="dialogvideoinfo_label" condition="!StringCompare(System.Language,Hebrew) + !Skin.HasSetting(Prefer_RTL)">
							<param name="posx1" value="0" />
							<param name="width1" value="120" />
							<param name="label1" value="$LOCALIZE[515]:" />
							<param name="posx2" value="150" />
							<param name="width2" value="1010" />
							<param name="label2" value="$INFO[ListItem.Property(Artist_Genre)]" />
						</include>
					</control>
					<control type="group">
						<visible>!IsEmpty(ListItem.Property(Artist_Mood))</visible>	
						<include name="dialogvideoinfo_label" condition="StringCompare(System.Language,Hebrew) | Skin.HasSetting(Prefer_RTL)">
							<param name="posx1" value="1160" />
							<param name="width1" value="120" />
							<param name="label1" value="$LOCALIZE[175]:" />
							<param name="posx2" value="1040" />
							<param name="width2" value="1040" />
							<param name="label2" value="$INFO[ListItem.Property(Artist_Mood)]" />
						</include>
						<include name="dialogvideoinfo_label" condition="!StringCompare(System.Language,Hebrew) + !Skin.HasSetting(Prefer_RTL)">
							<param name="posx1" value="0" />
							<param name="width1" value="120" />
							<param name="label1" value="$LOCALIZE[175]:" />
							<param name="posx2" value="150" />
							<param name="width2" value="1300" />
							<param name="label2" value="$INFO[ListItem.Property(Artist_Mood)]" />
						</include>
					</control>
					<control type="group">
						<visible>!IsEmpty(ListItem.Property(Artist_Style))</visible>	
						<include name="dialogvideoinfo_label" condition="StringCompare(System.Language,Hebrew) | Skin.HasSetting(Prefer_RTL)">
							<param name="posx1" value="1160" />
							<param name="width1" value="120" />
							<param name="label1" value="$LOCALIZE[176]:" />
							<param name="posx2" value="1040" />
							<param name="width2" value="1040" />
							<param name="label2" value="$INFO[ListItem.Property(Artist_Style)]" />
						</include>
						<include name="dialogvideoinfo_label" condition="!StringCompare(System.Language,Hebrew) + !Skin.HasSetting(Prefer_RTL)">
							<param name="posx1" value="0" />
							<param name="width1" value="120" />
							<param name="label1" value="$LOCALIZE[176]:" />
							<param name="posx2" value="150" />
							<param name="width2" value="1300" />
							<param name="label2" value="$INFO[ListItem.Property(Artist_Style)]" />
						</include>
					</control>

					<control type="group">
						<visible>!IsEmpty(ListItem.Property(Artist_Instrument))</visible>	
						<include name="dialogvideoinfo_label" condition="StringCompare(System.Language,Hebrew) | Skin.HasSetting(Prefer_RTL)">
							<param name="posx1" value="1160" />
							<param name="width1" value="120" />
							<param name="label1" value="$LOCALIZE[21892]:" />
							<param name="posx2" value="1040" />
							<param name="width2" value="1040" />
							<param name="label2" value="$INFO[ListItem.Property(Artist_Instrument)]" />
						</include>
						<include name="dialogvideoinfo_label" condition="!StringCompare(System.Language,Hebrew) + !Skin.HasSetting(Prefer_RTL)">
							<param name="posx1" value="0" />
							<param name="width1" value="120" />
							<param name="label1" value="$LOCALIZE[21892]:" />
							<param name="posx2" value="150" />
							<param name="width2" value="1300" />
							<param name="label2" value="$INFO[ListItem.Property(Artist_Instrument)]" />
						</include>
					</control>

					<control type="group">
						<visible>!IsEmpty(ListItem.Property(Artist_Born))</visible>	
						<include name="dialogvideoinfo_label" condition="StringCompare(System.Language,Hebrew) | Skin.HasSetting(Prefer_RTL)">
							<param name="posx1" value="1160" />
							<param name="width1" value="120" />
							<param name="label1" value="$LOCALIZE[21893]:" />
							<param name="posx2" value="1040" />
							<param name="width2" value="1040" />
							<param name="label2" value="$INFO[ListItem.Property(Artist_Born)]" />
						</include>
						<include name="dialogvideoinfo_label" condition="!StringCompare(System.Language,Hebrew) + !Skin.HasSetting(Prefer_RTL)">
							<param name="posx1" value="0" />
							<param name="width1" value="120" />
							<param name="label1" value="$LOCALIZE[21893]:" />
							<param name="posx2" value="150" />
							<param name="width2" value="1300" />
							<param name="label2" value="$INFO[ListItem.Property(Artist_Born)]" />
						</include>
					</control>
					<control type="group">
						<visible>!IsEmpty(ListItem.Property(Artist_Died))</visible>	
						<include name="dialogvideoinfo_label" condition="StringCompare(System.Language,Hebrew) | Skin.HasSetting(Prefer_RTL)">
							<param name="posx1" value="1160" />
							<param name="width1" value="120" />
							<param name="label1" value="$LOCALIZE[21897]:" />
							<param name="posx2" value="1040" />
							<param name="width2" value="1040" />
							<param name="label2" value="$INFO[ListItem.Property(Artist_Died)]" />
						</include>
						<include name="dialogvideoinfo_label" condition="!StringCompare(System.Language,Hebrew) + !Skin.HasSetting(Prefer_RTL)">
							<param name="posx1" value="0" />
							<param name="width1" value="120" />
							<param name="label1" value="$LOCALIZE[21897]:" />
							<param name="posx2" value="150" />
							<param name="width2" value="1300" />
							<param name="label2" value="$INFO[ListItem.Property(Artist_Died)]" />
						</include>
					</control>
					<control type="group">
						<visible>!IsEmpty(ListItem.Property(Artist_Formed))</visible>	
						<include name="dialogvideoinfo_label" condition="StringCompare(System.Language,Hebrew) | Skin.HasSetting(Prefer_RTL)">
							<param name="posx1" value="1160" />
							<param name="width1" value="120" />
							<param name="label1" value="$LOCALIZE[21894]:" />
							<param name="posx2" value="1040" />
							<param name="width2" value="1040" />
							<param name="label2" value="$INFO[ListItem.Property(Artist_Formed)]" />
						</include>
						<include name="dialogvideoinfo_label" condition="!StringCompare(System.Language,Hebrew) + !Skin.HasSetting(Prefer_RTL)">
							<param name="posx1" value="0" />
							<param name="width1" value="120" />
							<param name="label1" value="$LOCALIZE[21894]:" />
							<param name="posx2" value="150" />
							<param name="width2" value="1300" />
							<param name="label2" value="$INFO[ListItem.Property(Artist_Formed)]" />
						</include>
					</control>

					<control type="group">
						<visible>!IsEmpty(ListItem.Property(Artist_Disbanded))</visible>	
						<include name="dialogvideoinfo_label" condition="StringCompare(System.Language,Hebrew) | Skin.HasSetting(Prefer_RTL)">
							<param name="posx1" value="1160" />
							<param name="width1" value="120" />
							<param name="label1" value="$LOCALIZE[21896]:" />
							<param name="posx2" value="1040" />
							<param name="width2" value="1040" />
							<param name="label2" value="$INFO[ListItem.Property(Artist_Disbanded)]" />
						</include>
						<include name="dialogvideoinfo_label" condition="!StringCompare(System.Language,Hebrew) + !Skin.HasSetting(Prefer_RTL)">
							<param name="posx1" value="0" />
							<param name="width1" value="120" />
							<param name="label1" value="$LOCALIZE[21896]:" />
							<param name="posx2" value="150" />
							<param name="width2" value="1300" />
							<param name="label2" value="$INFO[ListItem.Property(Artist_Disbanded)]" />
						</include>
					</control>
					<control type="group">
						<visible>!IsEmpty(ListItem.Property(Artist_YearsActive))</visible>	
						<include name="dialogvideoinfo_label" condition="StringCompare(System.Language,Hebrew) | Skin.HasSetting(Prefer_RTL)">
							<param name="posx1" value="1160" />
							<param name="width1" value="200" />
							<param name="label1" value="$LOCALIZE[21898]:" />
							<param name="posx2" value="960" />
							<param name="width2" value="960" />
							<param name="label2" value="$INFO[ListItem.Property(Artist_YearsActive)]" />
						</include>
						<include name="dialogvideoinfo_label" condition="!StringCompare(System.Language,Hebrew) + !Skin.HasSetting(Prefer_RTL)">
							<param name="posx1" value="0" />
							<param name="width1" value="200" />
							<param name="label1" value="$LOCALIZE[21898]:" />
							<param name="posx2" value="200" />
							<param name="width2" value="1100" />
							<param name="label2" value="$INFO[ListItem.Property(Artist_YearsActive)]" />
						</include>
					</control>
					<control type="group">
						<visible>!IsEmpty(ListItem.Property(Album_Label))</visible>	
						<include name="dialogvideoinfo_label" condition="StringCompare(System.Language,Hebrew) | Skin.HasSetting(Prefer_RTL)">
							<param name="posx1" value="1160" />
							<param name="width1" value="200" />
							<param name="label1" value="$LOCALIZE[21899]:" />
							<param name="posx2" value="960" />
							<param name="width2" value="960" />
							<param name="label2" value="$INFO[ListItem.Property(Album_Label)]" />
						</include>
						<include name="dialogvideoinfo_label" condition="!StringCompare(System.Language,Hebrew) + !Skin.HasSetting(Prefer_RTL)">
							<param name="posx1" value="0" />
							<param name="width1" value="200" />
							<param name="label1" value="$LOCALIZE[21899]:" />
							<param name="posx2" value="200" />
							<param name="width2" value="1100" />
							<param name="label2" value="$INFO[ListItem.Property(Album_Label)]" />
						</include>
					</control>
					<control type="group">
						<visible>!IsEmpty(ListItem.Year)</visible>	
						<include name="dialogvideoinfo_label" condition="StringCompare(System.Language,Hebrew) | Skin.HasSetting(Prefer_RTL)">
							<param name="posx1" value="1160" />
							<param name="width1" value="200" />
							<param name="label1" value="$LOCALIZE[562]:" />
							<param name="posx2" value="960" />
							<param name="width2" value="960" />
							<param name="label2" value="$INFO[ListItem.Year]" />
						</include>
						<include name="dialogvideoinfo_label" condition="!StringCompare(System.Language,Hebrew) + !Skin.HasSetting(Prefer_RTL)">
							<param name="posx1" value="0" />
							<param name="width1" value="200" />
							<param name="label1" value="$LOCALIZE[562]:" />
							<param name="posx2" value="200" />
							<param name="width2" value="1100" />
							<param name="label2" value="$INFO[ListItem.Year]" />
						</include>
					</control>
					<control type="group">
						<visible>!IsEmpty(ListItem.Property(Album_Rating))</visible>	
						<include name="dialogvideoinfo_label" condition="StringCompare(System.Language,Hebrew) | Skin.HasSetting(Prefer_RTL)">
							<param name="posx1" value="1160" />
							<param name="width1" value="200" />
							<param name="label1" value="$LOCALIZE[563]:" />
							<param name="posx2" value="960" />
							<param name="width2" value="960" />
							<param name="label2" value="$INFO[ListItem.Property(Album_Rating)]" />
						</include>
						<include name="dialogvideoinfo_label" condition="!StringCompare(System.Language,Hebrew) + !Skin.HasSetting(Prefer_RTL)">
							<param name="posx1" value="0" />
							<param name="width1" value="200" />
							<param name="label1" value="$LOCALIZE[563]:" />
							<param name="posx2" value="200" />
							<param name="width2" value="1100" />
							<param name="label2" value="$INFO[ListItem.Property(Album_Rating)]" />
						</include>
					</control>
					<control type="group">
						<visible>!IsEmpty(ListItem.Property(Album_Mood))</visible>	
						<include name="dialogvideoinfo_label" condition="StringCompare(System.Language,Hebrew) | Skin.HasSetting(Prefer_RTL)">
							<param name="posx1" value="1160" />
							<param name="width1" value="200" />
							<param name="label1" value="$LOCALIZE[175]:" />
							<param name="posx2" value="960" />
							<param name="width2" value="960" />
							<param name="label2" value="$INFO[ListItem.Property(Album_Mood)]" />
						</include>
						<include name="dialogvideoinfo_label" condition="!StringCompare(System.Language,Hebrew) + !Skin.HasSetting(Prefer_RTL)">
							<param name="posx1" value="0" />
							<param name="width1" value="200" />
							<param name="label1" value="$LOCALIZE[175]:" />
							<param name="posx2" value="200" />
							<param name="width2" value="1100" />
							<param name="label2" value="$INFO[ListItem.Property(Album_Mood)]" />
						</include>
					</control>
					<control type="group">
						<visible>!IsEmpty(ListItem.Property(Album_Style))</visible>	
						<include name="dialogvideoinfo_label" condition="StringCompare(System.Language,Hebrew) | Skin.HasSetting(Prefer_RTL)">
							<param name="posx1" value="1160" />
							<param name="width1" value="200" />
							<param name="label1" value="$LOCALIZE[176]:" />
							<param name="posx2" value="960" />
							<param name="width2" value="960" />
							<param name="label2" value="$INFO[ListItem.Property(Album_Style)]" />
						</include>
						<include name="dialogvideoinfo_label" condition="!StringCompare(System.Language,Hebrew) + !Skin.HasSetting(Prefer_RTL)">
							<param name="posx1" value="0" />
							<param name="width1" value="200" />
							<param name="label1" value="$LOCALIZE[176]:" />
							<param name="posx2" value="200" />
							<param name="width2" value="1100" />
							<param name="label2" value="$INFO[ListItem.Property(Album_Style)]" />
						</include>
					</control>
					<control type="group">
						<visible>!IsEmpty(ListItem.Property(Album_Theme))</visible>	
						<include name="dialogvideoinfo_label" condition="StringCompare(System.Language,Hebrew) | Skin.HasSetting(Prefer_RTL)">
							<param name="posx1" value="1160" />
							<param name="width1" value="200" />
							<param name="label1" value="$LOCALIZE[21895]:" />
							<param name="posx2" value="960" />
							<param name="width2" value="960" />
							<param name="label2" value="$INFO[ListItem.Property(Album_Theme)]" />
						</include>
						<include name="dialogvideoinfo_label" condition="!StringCompare(System.Language,Hebrew) + !Skin.HasSetting(Prefer_RTL)">
							<param name="posx1" value="0" />
							<param name="width1" value="200" />
							<param name="label1" value="$LOCALIZE[21895]:" />
							<param name="posx2" value="200" />
							<param name="width2" value="1100" />
							<param name="label2" value="$INFO[ListItem.Property(Album_Theme)]" />
						</include>
					</control>
					<control type="group">
						<visible>!IsEmpty(ListItem.Property(Album_Type))</visible>	
						<include name="dialogvideoinfo_label" condition="StringCompare(System.Language,Hebrew) | Skin.HasSetting(Prefer_RTL)">
							<param name="posx1" value="1160" />
							<param name="width1" value="200" />
							<param name="label1" value="$LOCALIZE[146]:" />
							<param name="posx2" value="960" />
							<param name="width2" value="960" />
							<param name="label2" value="$INFO[ListItem.Property(Album_Type)]" />
						</include>
						<include name="dialogvideoinfo_label" condition="!StringCompare(System.Language,Hebrew) + !Skin.HasSetting(Prefer_RTL)">
							<param name="posx1" value="0" />
							<param name="width1" value="200" />
							<param name="label1" value="$LOCALIZE[146]:" />
							<param name="posx2" value="200" />
							<param name="width2" value="1100" />
							<param name="label2" value="$INFO[ListItem.Property(Album_Type)]" />
						</include>
					</control>

				</control>

			</control>

			<control type="grouplist" id="9500">		
				<posx>402</posx>
				<posy>300</posy>
				<width>1196</width>
				<height>650</height>
				<itemgap>15</itemgap>
				<orientation>Vertical</orientation>
				<onup>9000</onup>
				<ondown>9000</ondown>
				<animation effect="slide" end="-400" time="0" condition="StringCompare(System.Language,Hebrew) | Skin.HasSetting(Prefer_RTL)">Conditional</animation>
				<visible>!ControlGroup(9000).HasFocus(7) + !ControlGroup(9000).HasFocus(10) + !ControlGroup(9000).HasFocus(12)</visible>
				<usecontrolcoords>true</usecontrolcoords>
				<scrolltime tween="sine" easing="out">800</scrolltime>
				<animation effect="fade" start="0" end="100" delay="1500" time="300">WindowOpen</animation>
				<animation effect="fade" start="70" end="0" time="300">WindowClose</animation>
				<!-- extended - Discography List -->
				<control type="group">
					<width>1196</width>
					<height>300</height>
					<control type="image">
						<posx>0</posx>
						<posy>50</posy>
						<width>1196</width>
						<height>240</height>
						<texture colordiffuse="22d2d2d2">white.png</texture>
						<visible>ControlGroup(9500).HasFocus(9502) + ControlGroup(9500).HasFocus</visible>
					</control>
					<control type="label">
						<width>1196</width>
						<height>45</height>
						<label>21888</label>
						<textcolor>$VAR[main_color]</textcolor>
						<font>font-22</font>
						<align>center</align>
						<posx>0</posx>
						<posy>0</posy>
					</control>
					<control type="list" id="9502">
						<posx>0</posx>
						<posy>50</posy>
						<visible allowhiddenfocus="true">!Container(9502).IsUpdating</visible>
						<width>1196</width>
						<height>230</height>
						<orientation>horizontal</orientation>
						<preloaditems>2</preloaditems>
						<pagecontrol>60</pagecontrol>
						<viewtype label="536">list</viewtype>
						<scrolltime tween="quadratic">400</scrolltime>

						<onup>9000</onup>
						<ondown>9504</ondown>
						<onright>9502</onright>
						<onleft>9502</onleft>
						<itemlayout width="224" height="236">
							<control type="image">
								<posx>5</posx>
								<posy>17</posy>
								<width>200</width>
								<height>200</height>
								<aspectratio>stretch</aspectratio>
								<texture fallback="defaultmusicalbums.png">$INFO[ListItem.Icon]</texture>
								<bordertexture colordiffuse="grey_a">white.png</bordertexture>
								<bordersize>3</bordersize>
								<animation effect="fade" start="0" end="40" time="200" condition="true">Conditional</animation>
							</control>
							<control type="image">
								<posx>8</posx>
								<posy>175</posy>
								<width>194</width>
								<height>40</height>
								<texture background="true">main/widget_title.png</texture>
							</control>	
							<control type="label">
								<posx>8</posx>
								<posy>172</posy>
								<description>Disc No-Focus</description>
								<height>40</height>
								<width>194</width>
								<textcolor>grey_a</textcolor>
								<align>center</align>
								<label>$INFO[ListItem.Label]</label>
								<font>font-20</font>
							</control>
						</itemlayout>
						<focusedlayout width="224" height="236">
							<control type="image">
								<posx>5</posx>
								<posy>17</posy>
								<width>200</width>
								<height>200</height>
								<aspectratio scalediffuse="false">stretch</aspectratio>
								<texture fallback="defaultmusicalbums.png">$INFO[ListItem.Icon]</texture>
								<bordertexture colordiffuse="$VAR[main_color]">white.png</bordertexture>
								<bordersize>3</bordersize>
								<animation effect="fade" start="0" end="100" time="200" condition="true">Conditional</animation>
							</control>
							<control type="image">
								<posx>8</posx>
								<posy>175</posy>
								<width>194</width>
								<height>40</height>
								<texture background="true">main/widget_title.png</texture>
							</control>	
							<control type="label">
								<posx>8</posx>
								<posy>172</posy>
								<description>Disc Focus</description>
								<height>40</height>
								<width>194</width>
								<textcolor>$VAR[main_color]</textcolor>
								<align>center</align>
								<scroll>true</scroll>
								<scrollspeed>50</scrollspeed>
								<label>$INFO[ListItem.Label]</label>
								<font>font-20</font>
							</control>
						</focusedlayout>
						<content>plugin://script.extendedinfo?info=discography&amp;&amp;artistname=$INFO[ListItem.Artist]</content>
					</control>
				</control>
				<!-- LOCAL - Discography List -->
				<control type="group">
					<width>1196</width>
					<height>300</height>
					<visible>!IntegerGreaterThan(Container(9502).NumItems,0)</visible>
					<control type="image">
						<posx>0</posx>
						<posy>50</posy>
						<width>1196</width>
						<height>240</height>
						<texture colordiffuse="22d2d2d2">white.png</texture>
					</control>
					<control type="label">
						<width>1196</width>
						<height>45</height>
						<label>21888</label>
						<textcolor>$VAR[main_color]</textcolor>
						<font>font-22</font>
						<align>center</align>
						<posx>0</posx>
						<posy>0</posy>
					</control>
					<control type="list" id="50">
						<posx>0</posx>
						<posy>50</posy>
						<width>1196</width>
						<height>230</height>
						<orientation>horizontal</orientation>
						<preloaditems>2</preloaditems>
						<pagecontrol>60</pagecontrol>
						<viewtype label="536">list</viewtype>
						<scrolltime tween="quadratic">400</scrolltime>

						<onup>9000</onup>
						<ondown>9504</ondown>
						<onright>9502</onright>
						<onleft>9502</onleft>
						<itemlayout width="224" height="236">
							<control type="image">
								<posx>5</posx>
								<posy>17</posy>
								<width>200</width>
								<height>200</height>
								<aspectratio>stretch</aspectratio>
								<texture fallback="defaultmusicalbums.png">$INFO[ListItem.Icon]</texture>
								<bordertexture colordiffuse="grey_a">white.png</bordertexture>
								<bordersize>3</bordersize>
								<animation effect="fade" start="0" end="40" time="200" condition="true">Conditional</animation>
							</control>
							<control type="image">
								<posx>8</posx>
								<posy>175</posy>
								<width>194</width>
								<height>40</height>
								<texture background="true">main/widget_title.png</texture>
							</control>	
							<control type="label">
								<posx>8</posx>
								<posy>172</posy>
								<description>Disc No-Focus</description>
								<height>40</height>
								<width>194</width>
								<textcolor>grey_a</textcolor>
								<align>center</align>
								<label>$INFO[ListItem.Label]</label>
								<font>font-20</font>
							</control>
						</itemlayout>
						<focusedlayout width="224" height="236">
							<control type="image">
								<posx>5</posx>
								<posy>17</posy>
								<width>200</width>
								<height>200</height>
								<aspectratio scalediffuse="false">stretch</aspectratio>
								<texture fallback="defaultmusicalbums.png">$INFO[ListItem.Icon]</texture>
								<bordertexture colordiffuse="$VAR[main_color]">white.png</bordertexture>
								<bordersize>3</bordersize>
								<animation effect="fade" start="0" end="100" time="200" condition="true">Conditional</animation>
							</control>
							<control type="image">
								<posx>8</posx>
								<posy>175</posy>
								<width>194</width>
								<height>40</height>
								<texture background="true">main/widget_title.png</texture>
							</control>	
							<control type="label">
								<posx>8</posx>
								<posy>172</posy>
								<description>Disc Focus</description>
								<height>40</height>
								<width>194</width>
								<textcolor>$VAR[main_color]</textcolor>
								<align>center</align>
								<scroll>true</scroll>
								<scrollspeed>50</scrollspeed>
								<label>$INFO[ListItem.Label]</label>
								<font>font-20</font>
							</control>
						</focusedlayout>
					</control>
				</control>
				<!-- extended - youtube -->
				<control type="group">		
					<width>1196</width>
					<height>300</height>
					<control type="image">
						<posx>0</posx>
						<posy>50</posy>
						<width>1196</width>
						<height>240</height>
						<texture colordiffuse="22d2d2d2">white.png</texture>
						<visible>ControlGroup(9500).HasFocus(9504) + ControlGroup(9500).HasFocus</visible>
					</control>
					<control type="label">
						<width>1196</width>
						<height>45</height>
						<label>31147</label>
						<textcolor>$VAR[main_color]</textcolor>
						<font>font-22</font>
						<align>center</align>
						<posx>0</posx>
						<posy>0</posy>
					</control>
					<control type="list" id="9504">
						<posx>0</posx>
						<posy>50</posy>
						<width>1196</width>
						<height>230</height>
						<preloaditems>2</preloaditems>
						<focusposition>1</focusposition>
						<viewtype label="">list</viewtype>
						<orientation>horizontal</orientation>
						<defaultcontrol always="true">0</defaultcontrol>
						<scrolltime easing="inout" tween="sine">300</scrolltime>
						<visible allowhiddenfocus="true">!Container(9504).IsUpdating</visible>

						<onup condition="!IntegerGreaterThan(Container(9502).NumItems,0)">50</onup>
						<onup condition="IntegerGreaterThan(Container(9502).NumItems,0)">9502</onup>
						<ondown>9506</ondown>
						<onright>9504</onright>
						<onleft>9504</onleft>
						<itemlayout width="330" height="236">
							<control type="image">
								<posx>5</posx>
								<posy>17</posy>
								<width>306</width>
								<height>200</height>
								<aspectratio>stretch</aspectratio>
								<texture fallback="defaultvideo.png">$INFO[ListItem.Icon]</texture>
								<bordertexture colordiffuse="grey_a">white.png</bordertexture>
								<bordersize>3</bordersize>
								<animation effect="fade" start="0" end="40" time="200" condition="true">Conditional</animation>
							</control>
							<control type="image">
								<posx>8</posx>
								<posy>175</posy>
								<width>300</width>
								<height>40</height>
								<texture background="true">main/widget_title.png</texture>
							</control>	
							<control type="label">
								<posx>8</posx>
								<posy>172</posy>
								<description>Actor Name No-Focus</description>
								<height>40</height>
								<width>300</width>
								<textcolor>grey_a</textcolor>
								<align>center</align>
								<label>$INFO[ListItem.Label]</label>
								<font>font-20</font>
							</control>
						</itemlayout>
						<focusedlayout width="330" height="236">
							<control type="image">
								<posx>5</posx>
								<posy>17</posy>
								<width>306</width>
								<height>200</height>
								<aspectratio scalediffuse="false">stretch</aspectratio>
								<texture fallback="defaultvideo.png">$INFO[ListItem.Icon]</texture>
								<bordertexture colordiffuse="$VAR[main_color]">white.png</bordertexture>
								<bordersize>3</bordersize>
								<animation effect="fade" start="0" end="100" time="200" condition="true">Conditional</animation>
							</control>
							<control type="image">
								<posx>8</posx>
								<posy>175</posy>
								<width>300</width>
								<height>40</height>
								<texture background="true">main/widget_title.png</texture>
							</control>	
							<control type="label">
								<posx>8</posx>
								<posy>172</posy>
								<description>Actor Name Focus</description>
								<height>40</height>
								<width>300</width>
								<textcolor>$VAR[main_color]</textcolor>
								<align>center</align>
								<scroll>true</scroll>
								<scrollspeed>50</scrollspeed>
								<label>$INFO[ListItem.Label]</label>
								<font>font-20</font>
							</control>
						</focusedlayout>
						<content>plugin://script.extendedinfo?info=youtubesearch&amp;&amp;id=$ESCINFO[ListItem.Artist]</content>
					</control>
				</control>
				<!-- extended - most loved -->
				<control type="group">
					<width>1196</width>
					<height>350</height>
					<control type="image">
						<posx>0</posx>
						<posy>50</posy>
						<width>1196</width>
						<height>240</height>
						<texture colordiffuse="22d2d2d2">white.png</texture>
						<visible>ControlGroup(9500).HasFocus(9506) + ControlGroup(9500).HasFocus</visible>
					</control>
					<control type="label">
						<posx>0</posx>
						<posy>0</posy>
						<width>1196</width>
						<height>45</height>
						<label>31148</label>
						<textcolor>$VAR[main_color]</textcolor>
						<font>font-22</font>
						<align>center</align>
					</control>
					<control type="label">
						<posx>0</posx>
						<posy>70</posy>
						<width>1196</width>
						<height>45</height>
						<font>font-22</font>
						<align>center</align>
						<label>31149</label>
						<visible>IsEmpty(Container(9506).ListItem.Label)</visible>
					</control>
					<control type="list" id="9506">
						<posx>0</posx>
						<posy>50</posy>
						<width>1196</width>
						<height>230</height>
						<preloaditems>2</preloaditems>
						<focusposition>1</focusposition>
						<viewtype label="">list</viewtype>
						<orientation>horizontal</orientation>
						<defaultcontrol always="true">0</defaultcontrol>
						<scrolltime easing="inout" tween="sine">300</scrolltime>
						<visible allowhiddenfocus="true">!Container(9506).IsUpdating</visible>

						<onup>9504</onup>
						<ondown>9502</ondown>
						<onright>9506</onright>
						<onleft>9506</onleft>
						<itemlayout width="330" height="236">
							<control type="image">
								<posx>5</posx>
								<posy>17</posy>
								<width>306</width>
								<height>200</height>
								<aspectratio>stretch</aspectratio>
								<texture fallback="defaultvideo.png">$INFO[ListItem.Icon]</texture>
								<bordertexture colordiffuse="grey_a">white.png</bordertexture>
								<bordersize>3</bordersize>
								<animation effect="fade" start="0" end="40" time="200" condition="true">Conditional</animation>
							</control>
							<control type="image">
								<posx>8</posx>
								<posy>175</posy>
								<width>300</width>
								<height>40</height>
								<texture background="true">main/widget_title.png</texture>
							</control>	
							<control type="label">
								<posx>8</posx>
								<posy>172</posy>
								<description>Actor Name No-Focus</description>
								<height>40</height>
								<width>300</width>
								<textcolor>grey_a</textcolor>
								<align>center</align>
								<label>$INFO[ListItem.Label]</label>
								<font>font-20</font>
							</control>
						</itemlayout>
						<focusedlayout width="330" height="236">
							<control type="image">
								<posx>5</posx>
								<posy>17</posy>
								<width>306</width>
								<height>200</height>
								<aspectratio scalediffuse="false">stretch</aspectratio>
								<texture fallback="defaultvideo.png">$INFO[ListItem.Icon]</texture>
								<bordertexture colordiffuse="$VAR[main_color]">white.png</bordertexture>
								<bordersize>3</bordersize>
								<animation effect="fade" start="0" end="100" time="200" condition="true">Conditional</animation>
							</control>
							<control type="image">
								<posx>8</posx>
								<posy>175</posy>
								<width>300</width>
								<height>40</height>
								<texture background="true">main/widget_title.png</texture>
							</control>	
							<control type="label">
								<posx>8</posx>
								<posy>172</posy>
								<description>Actor Name Focus</description>
								<height>40</height>
								<width>300</width>
								<textcolor>$VAR[main_color]</textcolor>
								<align>center</align>
								<scroll>true</scroll>
								<scrollspeed>50</scrollspeed>
								<label>$INFO[ListItem.Label]</label>
								<font>font-20</font>
							</control>
						</focusedlayout>
						<content>plugin://script.extendedinfo?info=mostlovedtracks&amp;&amp;artistname=$INFO[Listitem.Artist]</content>
					</control>
				</control>
			</control>
		</control>
	</controls>
</window>
