<?xml version="1.0" encoding="UTF-8"?>
<window>
	<defaultcontrol>10</defaultcontrol>
	<controls>
		<include>fade_screen_grey</include>
		<control type="group">
			<posx>360</posx>
			<posy>80</posy>
			<include>dialog_zoom_animation</include>
			<include name="big_dialog">
				<param name="info_posy" value="2000" />
				<param name="content_posy" value="80" />
				<param name="content_height" value="880" />
			</include>
			<control type="label" id="411">
				<description>heading label</description>
				<posx>0</posx>
				<posy>20</posy>
				<width>1200</width>
				<height>45</height>
				<align>center</align>
				<aligny>center</aligny>
				<font>font-30</font>
				<label>1007</label>
				<textcolor>white</textcolor>
			</control>

			<control type="group">
				<posx>15</posx>
				<control type="spincontrolex" id="10">
					<description>Protocol SpinControl</description>
					<posx>0</posx>
					<posy>128</posy>
					<height>52</height>
					<width>1170</width>
					<aligny>center</aligny>
					<reverse>yes</reverse>
					<font>font-20</font>
					<label>1008</label>
					<texturefocus colordiffuse="grey_a">white.png</texturefocus>
					<texturenofocus colordiffuse="darkgrey">white.png</texturenofocus>
					<onup>18</onup>
					<ondown>11</ondown>
					<onleft>10</onleft>
					<onright>10</onright>
				</control>
				<control type="edit" id="11">
					<description>Server Address Button</description>
					<posx>0</posx>
					<posy>188</posy>
					<width>1170</width>
					<height>52</height>
					<aligny>center</aligny>
					<font>font-20</font>
					<label>-</label>
					<texturefocus colordiffuse="grey_a">white.png</texturefocus>
					<texturenofocus colordiffuse="darkgrey">white.png</texturenofocus>
					<onup>10</onup>
					<ondown>16</ondown>
					<onleft>12</onleft>
					<onright>12</onright>
				</control>
				<control type="edit" id="16">
					<description>Remote path Button</description>
					<posx>0</posx>
					<posy>248</posy>
					<width>1170</width>
					<height>52</height>
					<aligny>center</aligny>
					<font>font-20</font>
					<label>-</label>
					<texturefocus colordiffuse="grey_a">white.png</texturefocus>
					<texturenofocus colordiffuse="darkgrey">white.png</texturenofocus>
					<onup>11</onup>
					<onleft>16</onleft>
					<onright>16</onright>
					<ondown>13</ondown>
				</control>
				<control type="edit" id="13">
					<description>Port Button</description>
					<posx>0</posx>
					<posy>308</posy>
					<width>1170</width>
					<height>52</height>
					<aligny>center</aligny>
					<font>font-20</font>
					<label>1013</label>
					<texturefocus colordiffuse="grey_a">white.png</texturefocus>
					<texturenofocus colordiffuse="darkgrey">white.png</texturenofocus>
					<onup>16</onup>
					<onleft>13</onleft>
					<onright>13</onright>
					<ondown>14</ondown>
				</control>
				<control type="edit" id="14">
					<description>Username Button</description>
					<posx>0</posx>
					<posy>368</posy>
					<width>1170</width>
					<height>52</height>
					<aligny>center</aligny>
					<font>font-20</font>
					<label>1014</label>
					<texturefocus colordiffuse="grey_a">white.png</texturefocus>
					<texturenofocus colordiffuse="darkgrey">white.png</texturenofocus>
					<onup>13</onup>
					<onleft>14</onleft>
					<onright>14</onright>
					<ondown>15</ondown>
				</control>
				<control type="edit" id="15">
					<description>Password Button</description>
					<posx>0</posx>
					<posy>428</posy>
					<width>1170</width>
					<height>52</height>
					<aligny>center</aligny>
					<font>font-20</font>
					<label>15052</label>
					<texturefocus colordiffuse="grey_a">white.png</texturefocus>
					<texturenofocus colordiffuse="darkgrey">white.png</texturenofocus>
					<onup>14</onup>
					<onleft>15</onleft>
					<onright>15</onright>
					<ondown>18</ondown>
				</control>
			</control>


			<!-- Button grouplist -->
			<control type="grouplist" id="9000">
				<posx>0</posx>
				<posy>890</posy>
				<align>left</align>
				<width>900</width>
				<height>65</height>
				<itemgap>10</itemgap>
				<orientation>horizontal</orientation>
				<onleft>9000</onleft>
				<onright>9000</onright>
				<onup>15</onup>
				<ondown>10</ondown>

				<!-- OK Button -->
				<control type="button" id="18">
					<width>250</width>
					<label>186</label>
					<focusedcolor>$VAR[main_color]</focusedcolor>
					<texturefocus>-</texturefocus>
					<texturenofocus>-</texturenofocus>
					<include>button_dialogs</include>
				</control>

				<!-- Cancel Button -->
				<control type="button" id="19">
					<width>250</width>
					<label>222</label>
					<focusedcolor>$VAR[main_color]</focusedcolor>
					<texturefocus>-</texturefocus>
					<texturenofocus>-</texturenofocus>
					<include>button_dialogs</include>
				</control>

				<!-- Server Browse Button -->
				<control type="button" id="12">
					<width>250</width>
					<label>1024</label>
					<focusedcolor>$VAR[main_color]</focusedcolor>
					<texturefocus>-</texturefocus>
					<texturenofocus>-</texturenofocus>
					<include>button_dialogs</include>
					<visible>Control.IsEnabled(415)</visible>
				</control>

			</control>



		</control>
	</controls>
</window>
