<?xml version="1.0" encoding="UTF-8"?>
<window>
	<defaultcontrol always="true">10</defaultcontrol>
	<controls>
		<include condition="!Window.IsVisible(DialogAddonInfo.xml) + !Window.IsVisible(contentsettings)">fade_screen_grey</include>
		<control type="group">
			<posx>360</posx>
			<posy>80</posy>
			<include>dialog_zoom_animation</include>
			<include>big_dialog</include>

			<control type="label" id="20">
				<description>heading label</description>
				<posx>0</posx>
				<posy>20</posy>
				<width>1200</width>
				<height>45</height>
				<align>center</align>
				<aligny>center</aligny>
				<font>font-30</font>
				<label>-</label>
				<textcolor>white</textcolor>
			</control>
			<control type="label">
				<left>22</left>
				<top>90</top>
				<width>1130</width>
				<height>52</height>
				<font>font-20</font>
				<align>center</align>
				<aligny>center</aligny>
				<scroll>false</scroll>
				<textcolor>grey_b</textcolor>
				<label>[B]$INFO[Listitem.Label][/B]</label>
			</control>

			<!-- side bar -->
			<control type="image">
				<description>background image</description>
				<posx>0</posx>
				<posy>140</posy>
				<width>300</width>
				<height>820</height>
				<animation effect="slide" end="900" time="0" condition="StringCompare(System.Language,Hebrew) | Skin.HasSetting(Prefer_RTL)">Conditional</animation>
				<texture background="true" flipy="true">dialogs/long_grey.png</texture>
			</control>
			<control type="image">
				<left>300</left>
				<top>140</top>
				<width>30</width>
				<height>820</height>
				<texture>shadow_vertical.png</texture>
				<visible>!StringCompare(System.Language,Hebrew) + !Skin.HasSetting(Prefer_RTL)</visible>
			</control>
			<control type="image">
				<left>870</left>
				<top>140</top>
				<width>30</width>
				<height>820</height>
				<texture flipx="true">shadow_vertical.png</texture>
				<visible>StringCompare(System.Language,Hebrew) | Skin.HasSetting(Prefer_RTL)</visible>
			</control>

			
			<control type="grouplist" id="2">
				<description>control settings area</description>
				<posx>10</posx>
				<posy>160</posy>
				<width>880</width>
				<height>710</height>
				<itemgap>-2</itemgap>
				<animation effect="slide" end="300" time="0" condition="!StringCompare(System.Language,Hebrew) + !Skin.HasSetting(Prefer_RTL)">Conditional</animation>
				<onup>10</onup>
				<ondown>10</ondown>
				<onleft condition="StringCompare(System.Language,Hebrew) | Skin.HasSetting(Prefer_RTL)">9001</onleft>
				<onright condition="StringCompare(System.Language,Hebrew) | Skin.HasSetting(Prefer_RTL)">9</onright>
				<onleft condition="!StringCompare(System.Language,Hebrew) + !Skin.HasSetting(Prefer_RTL)">9</onleft>
				<onright condition="!StringCompare(System.Language,Hebrew) + !Skin.HasSetting(Prefer_RTL)">9001</onright>
			</control>
			<control type="grouplist" id="9">
				<description>control section area</description>
				<posx>20</posx>
				<posy>160</posy>
				<align>left</align>
				<width>260</width>
				<height>710</height>
				<itemgap>0</itemgap>	
				<animation effect="slide" end="900" time="0" condition="StringCompare(System.Language,Hebrew) | Skin.HasSetting(Prefer_RTL)">Conditional</animation>
				<onup>9</onup>
				<ondown>9</ondown>
				<onleft>2</onleft>
				<onright>2</onright>
			</control>

			<control type="button" id="3">
				<description>default Settings Button</description>
				<font>font-22</font>
				<align>left</align>
				<textwidth>800</textwidth>
				<textoffsetx>30</textoffsetx>
				<textcolor>grey_b</textcolor>
				<focusedcolor>white</focusedcolor>
				<disabledcolor>grey_a</disabledcolor>
				<texturefocus colordiffuse="$VAR[main_color]">white.png</texturefocus>
				<texturenofocus>-</texturenofocus>
			</control>
			<control type="button" id="13">
				<description>default Section Button</description>
				<width>300</width>
				<height>45</height>
				<align>center</align>
				<textcolor>grey_b</textcolor>
				<focusedcolor>white</focusedcolor>
				<disabledcolor>grey_a</disabledcolor>
				<texturefocus colordiffuse="$VAR[main_color]">white.png</texturefocus>
				<texturenofocus>-</texturenofocus>
			</control>
			<control type="radiobutton" id="4">
				<description>default RadioButton</description>
				<height>45</height>
				<font>font-22</font>
				<include name="radiobutton_alignment" condition="StringCompare(System.Language,Hebrew) | Skin.HasSetting(Prefer_RTL)">
					<param name="radioposx" value="820" />
					<param name="radioposy" value="3" />
					<param name="textoffsetx" value="70" />
				</include>
				<include name="radiobutton_alignment" condition="!StringCompare(System.Language,Hebrew) + !Skin.HasSetting(Prefer_RTL)">
					<param name="radioposx" value="30" />
					<param name="radioposy" value="0" />
					<param name="textoffsetx" value="90" />
				</include>
				<include>align_tag</include>
				<textwidth>880</textwidth>
				<textcolor>grey_b</textcolor>
				<focusedcolor>white</focusedcolor>
				<disabledcolor>grey_a</disabledcolor>
				<texturefocus colordiffuse="$VAR[main_color]">white.png</texturefocus>
				<texturenofocus>-</texturenofocus>
			</control>
			<control type="spincontrolex" id="5">
				<description>default spincontrolex</description>
				<height>45</height>
				<font>font-22</font>
				<textoffsetx>30</textoffsetx>
				<textwidth>620</textwidth>
				<textcolor>grey_b</textcolor>
				<focusedcolor>white</focusedcolor>
				<disabledcolor>grey_a</disabledcolor>
				<texturefocus colordiffuse="$VAR[main_color]">white.png</texturefocus>
				<texturenofocus>-</texturenofocus>
				<textureupfocus colordiffuse="white">main/arrowup.png</textureupfocus>
				<texturedownfocus colordiffuse="white">main/arrowdown.png</texturedownfocus>
				<reverse>yes</reverse>
			</control>
			<control type="image" id="6">
				<description>default Seperator</description>
				<height>2</height>
				<texture colordiffuse="grey">white.png</texture>
			</control>
			<control type="label" id="7">
				<description>separator label</description>
				<label>-</label>
				<height>48</height>
				<font>font-20</font>
				<align>center</align>
				<aligny>bottom</aligny>
				<textcolor>$VAR[main_color]</textcolor>
			</control>
			<control type="sliderex" id="8">
				<description>default Slider</description>
				<height>45</height>
				<font>font-20</font>
				<textwidth>800</textwidth>
				<textcolor>grey_b</textcolor>
				<focusedcolor>$VAR[main_color]</focusedcolor>
				<disabledcolor>darkgrey</disabledcolor>
			</control>

			<control type="grouplist" id="9001">		
				<posx>0</posx>
				<posy>890</posy>
				<animation effect="slide" end="300" time="0" condition="!StringCompare(System.Language,Hebrew) + !Skin.HasSetting(Prefer_RTL)">Conditional</animation>
				<align>left</align>
				<width>700</width>
				<height>65</height>
				<itemgap>10</itemgap>
				<orientation>horizontal</orientation>
				<onup>2</onup>
				<ondown>2</ondown>
				<onright>9</onright>
				<control type="button" id="10">
					<description>OK Button</description>
					<width>213</width>
					<label>186</label>
					<textoffsetx>5</textoffsetx>
					<focusedcolor>$VAR[main_color]</focusedcolor>
					<texturefocus>-</texturefocus>
					<texturenofocus>-</texturenofocus>
					<include>button_dialogs</include>
				</control>
				<control type="button" id="11">
					<description>Cancel Button</description>
					<width>213</width>
					<label>222</label>
					<textoffsetx>5</textoffsetx>
					<focusedcolor>$VAR[main_color]</focusedcolor>
					<texturefocus>-</texturefocus>
					<texturenofocus>-</texturenofocus>
					<include>button_dialogs</include>
				</control>
				<control type="button" id="12">
					<description>defaults Button</description>
					<width>213</width>
					<label>409</label>
					<textoffsetx>5</textoffsetx>
					<focusedcolor>$VAR[main_color]</focusedcolor>
					<texturefocus>-</texturefocus>
					<texturenofocus>-</texturenofocus>
					<include>button_dialogs</include>					
				</control>
			</control>
		</control>
	</controls>
</window>
