<?xml version="1.0" encoding="UTF-8"?>
<window>
	<defaultcontrol>5</defaultcontrol>
	<controls>
		<include>fade_screen_grey</include>
		<control type="group">
			<posx>410</posx>
			<posy>80</posy>
			<include>dialog_zoom_animation</include>
			<visible>!Window.IsVisible(addonsettings)</visible>
			<include name="big_dialog">
				<param name="info_posy" value="2000" />
				<param name="width" value="1100"/>
				<param name="content_posy" value="80" />
				<param name="content_height" value="880" />
				<param name="bottom_posy" value="2000"/>
			</include> 
			<control type="label">
				<description>heading label</description>
				<posx>0</posx>
				<posy>20</posy>
				<width>1200</width>
				<height>45</height>
				<align>center</align>
				<aligny>center</aligny>
				<font>font-30</font>
				<textcolor>white</textcolor>
				<label>$LOCALIZE[5] - $LOCALIZE[292]</label>
				<visible>Window.IsVisible(124)</visible>
			</control>
			<control type="label">
				<description>heading label</description>
				<posx>0</posx>
				<posy>20</posy>
				<width>1200</width>
				<height>45</height>
				<align>center</align>
				<aligny>center</aligny>
				<font>font-30</font>
				<textcolor>white</textcolor>
				<label>$LOCALIZE[5] - $LOCALIZE[3]</label>
				<visible>Window.IsVisible(123)</visible>
			</control>

			<control type="grouplist" id="5">
				<description>control area</description>
				<posx>20</posx>
				<posy>100</posy>
				<width>1065</width>
				<height>750</height>
				<itemgap>0</itemgap>
				<pagecontrol>61</pagecontrol>
				<onleft>61</onleft>
				<onright>61</onright>
				<onup>5</onup>
				<ondown>5</ondown>
			</control>
		</control>

		<control type="sliderex" id="13">
			<description>default Slider</description>
			<height>45</height>
			<font>font-20</font>
			<textwidth>800</textwidth>
			<textcolor>grey_b</textcolor>
			<focusedcolor>$VAR[main_color]</focusedcolor>
			<disabledcolor>darkgrey</disabledcolor>
		</control>
		<control type="button" id="7">
				<description>default Settings Button</description>
				<font>font-22</font>
				<align>left</align>
				<textwidth>800</textwidth>
				<textoffsetx>30</textoffsetx>
				<textcolor>grey_b</textcolor>
				<focusedcolor>white</focusedcolor>
				<disabledcolor>grey_a</disabledcolor>
				<texturefocus colordiffuse="$VAR[main_color]">white.png</texturefocus>
				<texturenofocus>-</texturenofocus>
			</control>
		<control type="radiobutton" id="8">
				<description>default RadioButton</description>
				<height>45</height>
				<font>font-22</font>
				<include name="radiobutton_alignment" condition="StringCompare(System.Language,Hebrew) | Skin.HasSetting(Prefer_RTL)">
					<param name="radioposx" value="1000" />
					<param name="radioposy" value="3" />
					<param name="textoffsetx" value="70" />
				</include>
				<include name="radiobutton_alignment" condition="!StringCompare(System.Language,Hebrew) + !Skin.HasSetting(Prefer_RTL)">
					<param name="radioposx" value="30" />
					<param name="radioposy" value="0" />
					<param name="textoffsetx" value="90" />
				</include>
				<include>align_tag</include>
				<textwidth>880</textwidth>
				<textcolor>grey_b</textcolor>
				<focusedcolor>white</focusedcolor>
				<disabledcolor>grey_a</disabledcolor>
				<texturefocus colordiffuse="$VAR[main_color]">white.png</texturefocus>
				<texturenofocus>-</texturenofocus>
			</control>
		<control type="spincontrolex" id="9">
				<description>default spincontrolex</description>
				<height>45</height>
				<font>font-22</font>
				<textoffsetx>30</textoffsetx>
				<textwidth>620</textwidth>
				<textcolor>grey_b</textcolor>
				<focusedcolor>white</focusedcolor>
				<disabledcolor>grey_a</disabledcolor>
				<texturefocus colordiffuse="$VAR[main_color]">white.png</texturefocus>
				<texturenofocus>-</texturenofocus>
				<textureupfocus colordiffuse="white">main/arrowup.png</textureupfocus>
				<texturedownfocus colordiffuse="white">main/arrowdown.png</texturedownfocus>
				<reverse>yes</reverse>
			</control>
		<control type="image" id="11">
			<description>default Seperator</description>
			<height>1</height>
			<texture background="true">white.png</texture>
		</control>
	</controls>
</window>
