<?xml version="1.0" encoding="UTF-8"?>
<includes>
	<include name="View-Pictures-56">
		<include>Pictures_View</include>
	</include>
	<include name="Pictures_View">

		<control type="group">
			<visible>Control.IsVisible(56)</visible>
			<visible>IntegerGreaterThan(Container.NumItems,-1) | !Container.IsUpdating</visible>
			<include>views_animation</include>
			<control type="group">
				<control type="multiimage">
					<posx>0</posx>
					<posy>0</posy>
					<width>1920</width>
					<height>1080</height>
					<imagepath background="true">$VAR[fanart_bg]</imagepath>
					<aspectratio>scale</aspectratio>
					<timeperimage>5000</timeperimage>
					<randomize>true</randomize>
					<fadetime>650</fadetime>
					<visible>!Player.HasVideo</visible>
				</control>
				<control type="image">
					<posx>0</posx>
					<posy>0</posy>
					<width>1920</width>
					<height>1080</height>
					<texture background="true">black.png</texture>
					<animation effect="fade" start="0" end="50" time="0" condition="true">Conditional</animation>
					<aspectratio>scale</aspectratio>
					<visible>!Player.HasVideo</visible>
				</control>


				<control type="panel" id="56">
					<posx>30</posx>
					<posy>200</posy>
					<height>730</height>
					<width>1890</width>
					<onleft condition="StringCompare(System.Language,Hebrew) | Skin.HasSetting(Prefer_RTL)">9006</onleft>
					<onleft condition="!StringCompare(System.Language,Hebrew) + !Skin.HasSetting(Prefer_RTL)">60</onleft>
					<onright condition="StringCompare(System.Language,Hebrew) | Skin.HasSetting(Prefer_RTL)">60</onright>
					<onright condition="!StringCompare(System.Language,Hebrew) + !Skin.HasSetting(Prefer_RTL)">9006</onright>
					<onup>56</onup>
					<ondown>56</ondown>
					<viewtype label="1">panel</viewtype>
					<visible>StringCompare(Window(Home).Property(SkinHelper.ForcedView),56) | IsEmpty(Window(Home).Property(SkinHelper.ForcedView))</visible>
					<pagecontrol>60</pagecontrol>
					<scrolltime tween="circle" easing="inout">400</scrolltime>
					<preloaditems>2</preloaditems>
					<animation effect="fade" start="0" end="100" time="1000">WindowOpen</animation>
					<animation effect="fade" start="100" end="0" delay="0" time="400">WindowClose</animation>
					<itemlayout width="500" height="370" condition="!Skin.HasSetting(Pictures_hide_panel)">
						<control type="image">
							<posx>10</posx>
							<posy>10</posy>
							<width>450</width>
							<height>300</height>
							<aspectratio>keep</aspectratio>
							<texture background="true">$VAR[PosterThumb]</texture>
							<visible>!StringCompare(Listitem.Label,..)</visible>
						</control>
						<control type="image">
							<posx>10</posx>
							<posy>10</posy>
							<width>450</width>
							<height>300</height>
							<aspectratio>keep</aspectratio>
							<texture colordiffuse="$VAR[main_color]" background="true">$VAR[PosterThumb]</texture>
							<visible>StringCompare(Listitem.Label,..)</visible>
						</control>

						<!-- Title Tag on image -->
						<control type="group">
							<visible>!Skin.HasSetting(Hide_label_view_56)</visible>
							<posy>50</posy>
							<control type="label">
								<posx>10</posx>
								<posy>262</posy>
								<width>450</width>
								<height>50</height>
								<align>center</align>	
								<font>font-22</font>
								<textcolor>grey</textcolor>
								<label>$INFO[ListItem.Label]</label>
							</control>
						</control>
						<!-- 	<control type="group">
							<posy>0</posy>
							<posx>397</posx>
							<include>view_icons_watched_flags</include>
						</control> -->
					</itemlayout>
					<focusedlayout width="500" height="370" condition="!Skin.HasSetting(Pictures_hide_panel)">
						<control type="image">
							<posx>10</posx>
							<posy>10</posy>
							<width>450</width>
							<height>300</height>
							<aspectratio>keep</aspectratio>
							<texture background="true">$VAR[PosterThumb]</texture>
							<animation reversible="false" effect="zoom" start="100" end="120" center="auto" time="200">focus</animation>
							<animation reversible="false" effect="zoom" start="120" end="100" center="auto" time="200">unfocus</animation>
							<visible>!StringCompare(Listitem.Label,..)</visible>
						</control>
						<control type="image">
							<posx>10</posx>
							<posy>10</posy>
							<width>450</width>
							<height>300</height>
							<aspectratio>keep</aspectratio>
							<animation reversible="false" effect="zoom" start="100" end="120" center="auto" time="200">focus</animation>
							<animation reversible="false" effect="zoom" start="120" end="100" center="auto" time="200">unfocus</animation>
							<texture colordiffuse="$VAR[main_color]" background="true">$VAR[PosterThumb]</texture>
							<visible>StringCompare(Listitem.Label,..)</visible>
						</control>
						<!-- Title Tag on image -->
						<control type="group">
							<visible>!Skin.HasSetting(Hide_label_view_56)</visible>
							<animation reversible="false" effect="zoom" start="100" end="120" center="auto" time="200">focus</animation>
							<animation reversible="false" effect="zoom" start="120" end="100" center="auto" time="200">unfocus</animation>
							<posy>50</posy>

							<control type="label">
								<posx>10</posx>
								<posy>262</posy>
								<width>450</width>
								<height>50</height>
								<align>center</align>	
								<font>font-22</font>
								<textcolor>white</textcolor>
								<label>$INFO[ListItem.Label]</label>
							</control>
						</control>
						<!-- <control type="group">
							<posy>0</posy>
							<posx>397</posx>
							<include>view_icons_watched_flags</include>
						</control> -->
					</focusedlayout>

					<itemlayout width="460" height="370" condition="Skin.HasSetting(Pictures_hide_panel)">
						<control type="image">
							<posx>10</posx>
							<posy>10</posy>
							<width>450</width>
							<height>300</height>
							<aspectratio>keep</aspectratio>
							<texture background="true">$VAR[PosterThumb]</texture>
							<visible>!StringCompare(Listitem.Label,..)</visible>
						</control>
						<control type="image">
							<posx>10</posx>
							<posy>10</posy>
							<width>450</width>
							<height>300</height>
							<aspectratio>keep</aspectratio>
							<texture colordiffuse="$VAR[main_color]" background="true">$VAR[PosterThumb]</texture>
							<visible>StringCompare(Listitem.Label,..)</visible>
						</control>

						<!-- Title Tag on image -->
						<control type="group">
							<visible>!Skin.HasSetting(Hide_label_view_56)</visible>
							<posy>50</posy>
							<control type="label">
								<posx>10</posx>
								<posy>262</posy>
								<width>450</width>
								<height>50</height>
								<align>center</align>	
								<font>font-22</font>
								<textcolor>grey</textcolor>
								<label>$INFO[ListItem.Label]</label>
							</control>
						</control>
						<!-- <control type="group">
							<posy>0</posy>
							<posx>397</posx>
							<include>view_icons_watched_flags</include>
						</control> -->
					</itemlayout>
					<focusedlayout width="460" height="370" condition="Skin.HasSetting(Pictures_hide_panel)">
						<control type="image">
							<posx>10</posx>
							<posy>10</posy>
							<width>450</width>
							<height>300</height>
							<aspectratio>keep</aspectratio>
							<texture background="true">$VAR[PosterThumb]</texture>
							<animation reversible="false" effect="zoom" start="100" end="120" center="auto" time="200">focus</animation>
							<animation reversible="false" effect="zoom" start="120" end="100" center="auto" time="200">unfocus</animation>
							<visible>!StringCompare(Listitem.Label,..)</visible>
						</control>
						<control type="image">
							<posx>10</posx>
							<posy>10</posy>
							<width>450</width>
							<height>300</height>
							<aspectratio>keep</aspectratio>
							<animation reversible="false" effect="zoom" start="100" end="120" center="auto" time="200">focus</animation>
							<animation reversible="false" effect="zoom" start="120" end="100" center="auto" time="200">unfocus</animation>
							<texture colordiffuse="$VAR[main_color]" background="true">$VAR[PosterThumb]</texture>
							<visible>StringCompare(Listitem.Label,..)</visible>
						</control>
						<!-- Title Tag on image -->
						<control type="group">
							<visible>!Skin.HasSetting(Hide_label_view_56)</visible>
							<animation reversible="false" effect="zoom" start="100" end="120" center="auto" time="200">focus</animation>
							<animation reversible="false" effect="zoom" start="120" end="100" center="auto" time="200">unfocus</animation>
							<posy>50</posy>

							<control type="label">
								<posx>10</posx>
								<posy>262</posy>
								<width>450</width>
								<height>50</height>
								<align>center</align>	
								<font>font-22</font>
								<textcolor>white</textcolor>
								<label>$INFO[ListItem.Label]</label>
							</control>
						</control>
						<!-- <control type="group">
							<posy>0</posy>
							<posx>397</posx>
							<include>view_icons_watched_flags</include>
						</control> -->
					</focusedlayout>
				</control>


				<control type="group">
					<left>1500</left>
					<top>185</top>
					<visible>!Skin.HasSetting(Pictures_hide_panel) + !Window.IsActive(mypics.xml)</visible>
					<control type="image">
						<description>background image</description>
						<left>-30</left>
						<top>0</top>
						<width>460</width>
						<height>750</height>
						<texture colordiffuse="B3FFFFFF" border="40">views/listpanel_back.png</texture>
					</control>
					<!-- Moviesets -->
					<control type="grouplist">
						<posx>1550</posx>
						<posy>280</posy>
						<itemgap>-70</itemgap>
						<align>left</align>
						<width>400</width>
						<height>780</height>
						<orientation>Horizontal</orientation>
						<visible>!Skin.HasSetting(Disable_CDART) + ListItem.IsCollection</visible>
						<control type="image">
							<width>160</width>
							<height>160</height>
							<texture diffuse="cdart_diffuse.png" background="true">$INFO[Window(home).Property(SkinHelper.MovieSet.2.DiscArt)]</texture>
							<visible>IntegerGreaterThan(Window(Home).Property(SkinHelper.MovieSet.Count),2) + !IsEmpty(Window(home).Property(SkinHelper.MovieSet.2.DiscArt))</visible>
						</control>
						<control type="image">
							<width>160</width>
							<height>160</height>
							<texture diffuse="cdart_diffuse.png" background="true">$INFO[Window(home).Property(SkinHelper.MovieSet.1.DiscArt)]</texture>
							<visible>IntegerGreaterThan(Window(Home).Property(SkinHelper.MovieSet.Count),1) + !IsEmpty(Window(home).Property(SkinHelper.MovieSet.1.DiscArt))</visible>
						</control>
						<control type="image">
							<width>160</width>
							<height>160</height>
							<texture diffuse="cdart_diffuse.png" background="true">$INFO[Window(home).Property(SkinHelper.MovieSet.0.DiscArt)]</texture>
							<visible>!IsEmpty(Window(home).Property(SkinHelper.MovieSet.0.DiscArt))</visible>
						</control>
					</control>
					<control type="grouplist">
						<posx>1550</posx>
						<posy>450</posy>
						<itemgap>-70</itemgap>
						<align>left</align>
						<width>400</width>
						<height>780</height>
						<orientation>Horizontal</orientation>
						<visible>!Skin.HasSetting(Disable_CDART) + ListItem.IsCollection</visible>

						<control type="image">
							<width>160</width>
							<height>160</height>
							<texture diffuse="cdart_diffuse.png" background="true" >$INFO[Window(home).Property(SkinHelper.MovieSet.5.DiscArt)]</texture>
							<visible>IntegerGreaterThan(Window(Home).Property(SkinHelper.MovieSet.Count),5) + !IsEmpty(Window(home).Property(SkinHelper.MovieSet.5.DiscArt))</visible>
						</control>
						<control type="image">
							<width>160</width>
							<height>160</height>
							<texture diffuse="cdart_diffuse.png" background="true">$INFO[Window(home).Property(SkinHelper.MovieSet.4.DiscArt)]</texture>
							<visible>IntegerGreaterThan(Window(Home).Property(SkinHelper.MovieSet.Count),4) + !IsEmpty(Window(home).Property(SkinHelper.MovieSet.4.DiscArt))</visible>
						</control>
						<control type="image">
							<width>160</width>
							<height>160</height>
							<texture diffuse="cdart_diffuse.png" background="true">$INFO[Window(home).Property(SkinHelper.MovieSet.3.DiscArt)]</texture>
							<visible>IntegerGreaterThan(Window(Home).Property(SkinHelper.MovieSet.Count),3) + !IsEmpty(Window(home).Property(SkinHelper.MovieSet.3.DiscArt))</visible>
						</control>
					</control>
					<!-- /CDART Movies -->

					<control type="group">
						<posx>0</posx>
						<visible>!Container(56).OnNext + !Container(56).OnPrevious</visible>

						<control type="label">
							<posx>0</posx>
							<posy>100</posy>
							<width>400</width>
							<height>100</height>
							<font>font-30</font>
							<textcolor>$var[main_color]</textcolor>
							<align>center</align>
							<label>$VAR[movie_label]</label>
							<wrapmultiline>true</wrapmultiline>	
							<visible>IsEmpty(ListItem.Art(clearlogo)) + IsEmpty(ListItem.Art(tvshow.clearlogo))</visible>
						</control> 
						<!-- Clear Logo -->
						<control type="image">
							<posx>0</posx>
							<posy>100</posy>
							<width>400</width>
							<height>120</height>		
							<texture background="true">$INFO[ListItem.Art(clearlogo)]$INFO[ListItem.Art(tvshow.clearlogo)]</texture>
							<visible>!Container.Content(Episodes) + [!IsEmpty(ListItem.Art(clearlogo)) | !IsEmpty(ListItem.Art(tvshow.clearlogo))]</visible>
						</control>
						<control type="image">
							<posx>-690</posx>
							<posy>980</posy>
							<width>260</width>
							<height>100</height>		
							<texture background="true">$INFO[Skin.String(music_path)]$INFO[ListItem.Artist,,/logo.png]</texture>
							<visible>Container.Content(Artists) | Container.Content(Albums)</visible>
						</control>

						<!-- Genre -->
						<control type="label">
							<posx>5</posx>
							<posy>260</posy>
							<width>380</width>
							<height>30</height>
							<label>$INFO[ListItem.Genre]</label>
							<font>font-22</font>
							<align>center</align>
							<visible>!ListItem.IsCollection</visible>
						</control>
						<!-- Duration -->
						<control type="label">
							<posx>370</posx>
							<posy>300</posy>
							<width>120</width>
							<height>30</height>
							<label>$INFO[Listitem.Duration,, $LOCALIZE[12391]]</label>
							<font>font-20</font>
							<align>right</align>
							<textcolor>grey_b</textcolor>
							<visible>!IsEmpty(ListItem.Duration) + IntegerGreaterThan(ListItem.Duration,0)</visible>
						</control>
						<!-- Resolution -->
						<control type="label">
							<posx>230</posx>
							<posy>300</posy>
							<width>160</width>
							<height>30</height>
							<label>$INFO[Listitem.VideoResolution] $VAR[hd_or_sd] ●</label>
							<font>font-20</font>
							<align>right</align>
							<textcolor>grey_b</textcolor>
							<visible>!IsEmpty(ListItem.VideoResolution) + IntegerGreaterThan(ListItem.VideoResolution,0)</visible>
						</control>
						<!-- Year -->
						<control type="label">
							<posx>300</posx>
							<posy>220</posy>
							<width>120</width>
							<height>30</height>
							<label>$INFO[ListItem.Year]</label>
							<font>font-20</font>
							<align>left</align>
							<textcolor>grey_a</textcolor>
							<visible>!ListItem.IsCollection + !Container.Content(Seasons)</visible>
						</control>
						<!-- Season Label -->
						<control type="label">
							<posx>0</posx>
							<posy>220</posy>
							<width>400</width>
							<height>30</height>
							<label>$INFO[ListItem.Label]</label>
							<font>font-22</font>
							<align>center</align>
							<textcolor>$VAR[main_color]</textcolor>
							<visible>Container.Content(Seasons) + !StringCompare(Listitem.Label,..)</visible>
						</control>
						<!-- Star Rating -->
						<control type="group">
							<posx>15</posx>
							<posy>220</posy>
							<visible>!IsEmpty(ListItem.StarRating) + !ListItem.IsCollection + !IsEmpty(ListItem.Rating) + !Container.Content(Seasons) + !Container.Content(Artists)</visible>
							<animation effect="slide" end="90" time="0" condition="IsEmpty(ListItem.Year)">Conditional</animation>
							<control type="image">
								<description>Rating image</description>
								<posx>0</posx>
								<posy>0</posy>
								<width>188</width>
								<height>38</height>
								<texture background="true">rating0.png</texture>
								<aspectratio align="right">keep</aspectratio>
							</control>
							<control type="image">
								<description>Rating image</description>
								<posx>0</posx>
								<posy>0</posy>
								<width>188</width>
								<height>38</height>
								<texture background="true" colordiffuse="$VAR[main_color]">$INFO[ListItem.StarRating]</texture>
								<aspectratio align="right">keep</aspectratio>
								<visible>!StringCompare(ListItem.StarRating,rating0.png)</visible>
							</control>
							<!-- Rating -->
							<control type="label">
								<posx>198</posx>
								<posy>0</posy>
								<width>380</width>
								<height>30</height>
								<label>$INFO[ListItem.Rating]</label>
								<font>font-20</font>
								<align>left</align>
								<textcolor>grey_a</textcolor>
							</control>
						</control>

						<control type="textbox">
							<description>Plot Value for TVShows\Movies</description>
							<posx>5</posx>
							<posy>350</posy>
							<width>380</width>
							<height>320</height>
							<font>font-20</font>
							<align>right</align>
							<textcolor>grey_a</textcolor>
							<label>$VAR[ViewFanartText]</label>
							<autoscroll time="2000" delay="8000" repeat="5000">!Skin.HasSetting(AutoScroll)</autoscroll>
						</control> 
					</control>
				</control>

				<control type="group">
					<left>1520</left>
					<top>185</top>
					<visible>!Skin.HasSetting(Pictures_hide_panel) + Window.IsActive(mypics.xml)</visible>
					<control type="image">
						<description>background image</description>
						<left>0</left>
						<top>0</top>
						<width>400</width>
						<height>750</height>
						<texture colordiffuse="B3FFFFFF" border="40">views/listpanel_back.png</texture>
					</control>	
					<control type="label">
						<posx>32</posx>
						<posy>140</posy>
						<width>340</width>
						<height>50</height>
						<align>center</align>	
						<font>font-22</font>
						<textcolor>white</textcolor>
						<label>$INFO[ListItem.PictureCamModel]</label>
					</control>
					<control type="image">
						<posx>50</posx>
						<posy>50</posy>
						<width max="300">auto</width>
						<height>100</height>
						<aspectratio align="center">keep</aspectratio>
						<texture background="true">cameras\$VAR[camera_brand]</texture>
					</control>
					<control type="grouplist">
						<posx>40</posx>
						<posy>180</posy>
						<width>380</width>
						<height>520</height>
						<usecontrolcoords>true</usecontrolcoords>
						<itemgap>34</itemgap>
						<orientation>vertical</orientation>
						<control type="group">
							<height>35</height>
							<visible>!IsEmpty(Container.FolderName)</visible>	
							<control type="textbox">
								<posx>0</posx>
								<posy>0</posy>
								<width>320</width>
								<height>75</height>
								<textcolor>$VAR[main_color]</textcolor>
								<align>center</align>
								<label>$INFO[Container.FolderName]</label>
								<font>font-20</font>
							</control>
						</control>
						<control type="group">
							<visible>!IsEmpty(ListItem.PictureDatetime)</visible>
							<height>40</height>
							<control type="image">
								<posx>0</posx>
								<posy>5</posy>
								<width>32</width>
								<height>32</height>
								<aspectratio align="left">keep</aspectratio>
								<texture background="true">views\pictures\calendar.png</texture>
							</control>
							<control type="label">
								<posx>40</posx>
								<posy>0</posy>
								<width>260</width>
								<textcolor>grey_b</textcolor>
								<align>left</align>
								<wrapmultiline>true</wrapmultiline>
								<label>$INFO[ListItem.PictureDatetime]</label>
								<font>font-20</font>
							</control>
						</control>
						<control type="group">
							<visible>!IsEmpty(ListItem.PictureResolution)</visible>	
							<control type="image">
								<posx>0</posx>
								<posy>5</posy>
								<width>32</width>
								<height>32</height>
								<aspectratio align="left">keep</aspectratio>
								<texture background="true">views\pictures\resolution.png</texture>
							</control>
							<control type="label">
								<posx>40</posx>
								<posy>5</posy>
								<width>320</width>
								<textcolor>grey_b</textcolor>
								<align>left</align>
								<label>$INFO[ListItem.PictureResolution]</label>
								<font>font-20</font>
							</control>
						</control>
						<control type="group">
							<visible>!IsEmpty(ListItem.Size)</visible>
							<control type="image">
								<posx>0</posx>
								<posy>5</posy>
								<width>32</width>
								<height>32</height>
								<aspectratio align="left">keep</aspectratio>
								<texture background="true">views\pictures\size.png</texture>
							</control>
							<control type="label">
								<posx>40</posx>
								<posy>0</posy>
								<width>320</width>
								<textcolor>grey_b</textcolor>
								<align>left</align>
								<label>$INFO[ListItem.Size]</label>
								<font>font-20</font>
							</control>
						</control>
						<control type="group">
							<visible>!IsEmpty(ListItem.PictureFocalLen)</visible>
							<height>40</height>
							<control type="image">
								<posx>0</posx>
								<posy>5</posy>
								<width>32</width>
								<height>32</height>
								<aspectratio align="left">keep</aspectratio>
								<texture background="true">views\pictures\lens.png</texture>
							</control>
							<control type="label">
								<posx>40</posx>
								<posy>0</posy>
								<width>280</width>
								<textcolor>grey_b</textcolor>
								<align>left</align>
								<wrapmultiline>true</wrapmultiline>
								<label>$INFO[ListItem.PictureFocalLen]</label>
								<font>font-20</font>
							</control>
						</control>
						<control type="group">
							<visible>!IsEmpty(ListItem.PictureExposure)</visible>
							<control type="image">
								<posx>0</posx>
								<posy>5</posy>
								<width>32</width>
								<height>32</height>
								<aspectratio align="left">keep</aspectratio>
								<texture background="true">views\pictures\exposure.png</texture>
							</control>
							<control type="label">
								<posx>40</posx>
								<posy>0</posy>
								<width>320</width>
								<textcolor>grey_b</textcolor>
								<align>left</align>
								<label>$INFO[ListItem.PictureExposure]</label>
								<font>font-20</font>
							</control>
						</control>
						<control type="group">
							<visible>!IsEmpty(ListItem.PictureAperture)</visible>
							<control type="image">
								<posx>0</posx>
								<posy>5</posy>
								<width>32</width>
								<height>32</height>
								<aspectratio align="left">keep</aspectratio>
								<texture background="true">views\pictures\aperture.png</texture>
							</control>
							<control type="label">
								<posx>40</posx>
								<posy>0</posy>
								<width>320</width>
								<textcolor>grey_b</textcolor>
								<align>left</align>
								<label>ƒ/$INFO[ListItem.PictureAperture]</label>
								<font>font-20</font>
							</control>
						</control>
						<control type="group">
							<visible>!IsEmpty(ListItem.PictureExpTime)</visible>
							<control type="image">
								<posx>0</posx>
								<posy>5</posy>
								<width>32</width>
								<height>32</height>
								<aspectratio align="left">keep</aspectratio>
								<texture background="true">views\pictures\exptime.png</texture>
							</control>
							<control type="label">
								<posx>40</posx>
								<posy>0</posy>
								<width>320</width>
								<textcolor>grey_b</textcolor>
								<align>left</align>
								<label>$INFO[ListItem.PictureExpTime]</label>
								<font>font-20</font>
							</control>
						</control>
						<control type="group">
							<visible>!IsEmpty(ListItem.PictureISO)</visible>
							<control type="image">
								<posx>0</posx>
								<posy>5</posy>
								<width>32</width>
								<height>32</height>
								<aspectratio align="left">keep</aspectratio>
								<texture background="true">views\pictures\iso.png</texture>
							</control>
							<control type="label">
								<posx>40</posx>
								<posy>0</posy>
								<width>320</width>
								<textcolor>grey_b</textcolor>
								<align>left</align>
								<label>$INFO[ListItem.PictureISO]</label>
								<font>font-20</font>
							</control>
						</control>
						<control type="group">
							<visible>!IsEmpty(ListItem.PictureFlashUsed)</visible>
							<control type="image">
								<posx>0</posx>
								<posy>5</posy>
								<width>32</width>
								<height>32</height>
								<aspectratio align="left">keep</aspectratio>
								<texture background="true">views\pictures\flash.png</texture>
							</control>
							<control type="label">
								<posx>40</posx>
								<posy>0</posy>
								<width>320</width>
								<textcolor>grey_b</textcolor>
								<align>left</align>
								<label>$INFO[ListItem.PictureFlashUsed]</label>
								<font>font-20</font>
							</control>
						</control>
						<control type="group">
							<visible>!IsEmpty(ListItem.PictureMeteringMode)</visible>
								<control type="image">
								<posx>0</posx>
								<posy>5</posy>
								<width>32</width>
								<height>32</height>
								<aspectratio align="left">keep</aspectratio>
								<texture background="true">views\pictures\matrix.png</texture>
							</control>
							<control type="label">
								<posx>40</posx>
								<posy>0</posy>
								<width>320</width>
								<textcolor>grey_b</textcolor>
								<align>left</align>
								<label>$INFO[ListItem.PictureMeteringMode]</label>
								<font>font-20</font>
							</control>
						</control>
						<control type="group">
							<visible>!IsEmpty(ListItem.PictureWhiteBalance)</visible>
							<control type="image">
								<posx>0</posx>
								<posy>5</posy>
								<width>32</width>
								<height>32</height>
								<aspectratio align="left">keep</aspectratio>
								<texture background="true">views\pictures\wb.png</texture>
							</control>
							<control type="label">
								<posx>40</posx>
								<posy>0</posy>
								<width>320</width>
								<textcolor>grey_b</textcolor>
								<align>left</align>
								<label>$INFO[ListItem.PictureWhiteBalance]</label>
								<font>font-20</font>
							</control>
						</control>
					</control>


				</control>
				<!-- footer -->
				<control type="group">
					<visible>Skin.HasSetting(Pictures_hide_panel)</visible>
					<control type="image">
						<posx>0</posx>
						<bottom>0</bottom>
						<height>120</height>
						<width>1920</width>
						<texture background="true">black.png</texture>
						<animation type="Conditional" condition="true">
							<effect type="fade" end="70" time="0"/>
						</animation>
					</control>
					<control type="label">
						<posx>0</posx>
						<posy>960</posy>
						<width>1920</width>
						<height>60</height>
						<font>font-30</font>
						<textcolor>white</textcolor>
						<shadowcolor>$var[main_color]</shadowcolor>
						<align>center</align>
						<label>$VAR[pictures_mainlabel]</label>
					</control>
					<control type="label">
						<posx>0</posx>
						<posy>1020</posy>
						<width>1920</width>
						<height>120</height>
						<align>center</align>	
						<font>font-22</font>
						<textcolor>grey_b</textcolor>
						<label>$VAR[pictures_sublabel]</label>
					</control>
					<control type="group">
						<posx>30</posx>
						<posy>555</posy>
						<animation effect="zoom" start="100" end="125" time="0" condition="true">Conditional</animation>
						<!-- HD\SD\3D Indicator flag -->
						<control type="image">
							<posx>45</posx>
							<posy>330</posy>
							<width>42</width>
							<height>48</height>
							<aspectratio>keep</aspectratio>
							<texture background="true">$VAR[UnFocusHDIndicator]</texture>
							<visible>!IsEmpty(ListItem.VideoResolution)</visible>
						</control>
						<control type="label">
							<posx>10</posx>
							<posy>370</posy>
							<label>$INFO[ListItem.VideoResolution]</label>
							<font>font-16</font>
							<textcolor>white</textcolor>
							<width>110</width>
							<height>52</height>
							<align>center</align>
						</control>
						<!-- Dubbed Language -->
						<control type="group">
							<posx>175</posx>
							<posy>340</posy>
							<visible>!IsEmpty(Window(Home).Property(SkinHelper.ListItemLanguages)) + !ListItem.IsFolder + Container.Content(Movies) + !substring(ListItem.Path,plugin://)</visible>
							<include>ListItemLanguage</include>
							<control type="label">
								<label>21447</label>
								<font>font-16</font>
								<textcolor>white</textcolor>
								<width>240</width>
								<height>52</height>
								<posx>20</posx>
								<posy>28</posy>
								<align>left</align>
							</control>
						</control>


						<!-- Audio Codec -->
						<control type="image">
							<colordiffuse>white</colordiffuse>
							<posx>100</posx>
							<posy>325</posy>
							<width>90</width>
							<height>58</height>
							<texture background="true">$INFO[ListItem.AudioCodec,flags/audio/,.png]</texture>
						</control>
						<control type="label">
							<posx>90</posx>
							<posy>370</posy>
							<label>$VAR[AudioChannels2]</label>
							<font>font-16</font>
							<textcolor>white</textcolor>
							<width>110</width>
							<height>52</height>
							<align>center</align>
						</control>
					</control>
				</control>

				<!-- scroll -->
				<include name="vertical_scroll">
					<param name="id" value="60" />
					<param name="listid" value="56" />
					<param name="posy">0</param>
					<param name="height">1080</param>
				</include>

			</control>
		</control>
	</include>
	<variable name="pictures_mainlabel">
		<value condition="Window.IsActive(mypics.xml)">$INFO[Container.FolderName,, - ]$INFO[ListItem.Label]</value>
		<value>$INFO[ListItem.Label]</value>
	</variable>
	<variable name="pictures_sublabel">
		<value condition="Window.IsActive(mypics.xml)">$INFO[ListItem.Size]$INFO[ListItem.PictureResolution,  • ,]$INFO[ListItem.PictureDatetime,  • ,]</value>
		<value condition="Container.Content(episodes)"></value>
		<value condition="Container.Content(addons)"></value>
		<value condition="Container.Content(musicvideos)">$INFO[ListItem.Artist]</value>
		<value condition="Container.Content(movies) + !IsEmpty(ListItem.Title)">$INFO[ListItem.Year,, • ]$INFO[ListItem.Genre,, • ]$INFO[ListItem.Rating,, ]$INFO[ListItem.Duration,• , $LOCALIZE[12391]]</value>
		<value condition="[Container.Content(tvshows) | Container.Content(seasons)] + !IsEmpty(ListItem.Property(TotalSeasons))">$INFO[ListItem.Property(TotalSeasons)] $LOCALIZE[33054], $INFO[ListItem.Property(TotalEpisodes)] $LOCALIZE[20360]</value>
	</variable>
</includes>
