﻿<?xml version="1.0" encoding="UTF-8" standalone="yes"?>
<addon id="repository.LidorMalich" name="lidorMalich Repo" version="1.0.1" provider-name="LidorMalich">
	<extension point="xbmc.addon.repository">
		<info compressed="false">https://raw.githubusercontent.com/lidormalicb/lidormalich1998/master/addons.xml</info>
		<checksum>https://raw.githubusercontent.com/lidormalicb/lidormalich1998/master/addons.xml.md5</checksum>
		<datadir zip="true">https://raw.githubusercontent.com/lidormalicb/lidormalich1998/master/</datadir>
    </extension>
	<extension point="xbmc.addon.metadata">
		<summary lang="en"></summary>
		<description lang="en"></description>
		<platform>all</platform>
	</extension>
</addon>

