﻿<?xml version="1.0" encoding="UTF-8" standalone="yes"?>
<addon id="plugin.video.tvil"
       name="TVIL.ME"
       version="1.0.0"
       provider-name="MINT TEAM">
  <requires>
 <import addon="xbmc.python" version="2.1.0"/>
 <import addon="script.module.beautifulsoup4" version="4.3.1" />
 <import addon="script.module.requests" version="2.3.0" />
 <import addon="script.module.html5lib" version="0.999.0" />
 <import addon="script.module.urlresolver" />
  </requires>
  <extension point="xbmc.python.pluginsource" library="default.py">
        <provides>video</provides>
  </extension>
  <extension point="xbmc.addon.metadata">
    <summary lang="en">TVIL.ME.</summary>
    <description lang="en">
    הרחבה מבית מינט לצפיה באתר TVIL.
	</description>
    <platform>all</platform>
 <language>en</language>
 <disclaimer></disclaimer>
  </extension>
</addon>
