<?xml version="1.0" encoding="UTF-8" standalone="yes"?>
<addon id="plugin.video.MissMusic" name="Miss Music" version="0.0.6" provider-name="Lidor Malich">
  <requires>
    <import addon="xbmc.python" version="2.1.0"/>
	<import addon="plugin.video.youtube" version="5.1.0"/>
	<import addon="script.featherence.service" version="0.2.5"/>
  </requires>
  <extension point="xbmc.python.pluginsource" library="default.py">
    <provides>video audio</provides>
  </extension>
  <extension point="xbmc.addon.metadata">
	<platform>all</platform>
	<summary lang="he">Miss Music הזמרות הכי טובות של השנה</summary>
	<description lang="en">Miss Music מביא את החוויה על המדיה סנטר שלך מיס מיוזיק נותן לכם מבחר של זמרות ישראליות מכל הזמנים עם מיטב השירים מיס מיוזיק נותן לכם אופציה גם לחפש ברחבי אתר יוטיוב (ההרחבה עובדת על יוטיוב) </description>
	<description lang="he">Miss Music מביא את החוויה על המדיה סנטר שלך מיס מיוזיק נותן לכם מבחר של זמרות ישראליות מכל הזמנים עם מיטב השירים מיס מיוזיק נותן לכם אופציה גם לחפש ברחבי אתר יוטיוב (ההרחבה עובדת על יוטיוב) </description>
	<source>https://github.com/finalmakerr/featherence/tree/master/master/plugin.video.featherence.rofl</source>

  </extension>
</addon>
